0,1,2,3,4,5,6,7,8,9,10,11
28449.0,6204.429795501249,171.16607405157765,122.07998683848733,351.0048506461996,6.3704,6.833486371,2195401.0,114919.0,2211738.0,6345.0,17586.0
32061.0,6204.505354349574,171.22615307958046,122.08675910619266,351.0090867138689,6.3736,5.100786859,2562518.0,109947.0,2653574.0,8248.0,21393.0
37058.0,6204.0,171.24392515032682,122.10523839570958,351.0111291841761,7.8547,5.236277862,3173331.0,151542.0,4249975.0,9005.0,23533.0
45444.0,6579.0,171.0,122.0,351.0,9.6094,5.548229749,3820683.0,171045.0,4895922.0,10100.0,34674.0
50467.0,6897.0,231.0,128.0,351.0,11.2209,5.501553947,4329877.0,168398.0,6973256.0,11238.0,36578.0
58204.0,6897.0,335.2,142.0,351.0,90.742,5.4032899547968,5053870.0,187578.0,8825603.0,14954.0,41162.0
63029.0,6826.0,398.7,1227.0,352.0,112.1886,4.95141610436347,5503499.0,189551.0,10272173.0,17747.0,48076.0
70452.0,6750.0,455.3,1150.0,353.0,126.31,5.50179749412286,6686351.0,191779.0,12362450.0,22921.0,48554.0
75943.0,6410.0,563.2,1103.0,370.0,178.92,5.82292671313728,8218234.2,193718.4,15795367.0,33511.0,61302.0
81658.0,6196.0,633.4,737.0,370.0,183.07,5.76327796144827,9366439.0,217255.0,18902752.0,40888.0,57008.0
87475.0,5613.0,801.8,760.0,379.0,199.94,5.94742552882088,10633640.0,235493.0,24585034.0,50511.0,60784.0
93213.0,5534.0,1076.8,782.0,380.0,234.67,6.07698907108309,11850469.0,242175.0,28517239.0,62671.0,72672.0
99995.0,5469.0,1186.8,805.0,392.0,282.71,5.94817595002163,12687953.0,245384.0,31371854.0,74661.0,81896.0
106497.0,5429.0,1159.9,805.0,389.0,287.8,6.01367697621378,13840231.0,245728.0,34538855.0,94031.0,93502.0
118198.0,5218.0,1580.5,795.0,396.0,285.78,5.78350805033127,14845762.0,253337.0,39409752.0,100578.0,101170.0
128994.0,5028.0,1784.0,794.0,391.0,361.76,5.63860283120364,15796512.0,269835.0,44868872.0,106948.0,102763.0
140211.0,5300.0,1818.0,799.0,382.0,425.87,6.17009015177451,18707701.0,267338.0,49578246.0,123496.0,114012.0
164220.0,5268.0,2059.9,853.0,383.0,433.42,6.31469090177115,22335870.0,313986.0,56952843.0,131716.0,124941.0
164889.0,5320.0,2060.1,884.0,383.00124235490216,410.96,6.44436279431785,23265793.0,336280.0,63161622.0,162824.0,133339.0
183980.0,5393.0,2084.1,937.0,383.0021922335779,449.45,6.52929455470131,26293208.0,338297.0,70056517.0,198778.0,134617.0
190313.0,5313.0,2030.8,1019.0,383.00404985039313,488.7,6.83316006142621,28433394.0,373235.0,79475111.0,202722.0,162680.0
200278.0,5584.0,2112.3,1052.0,383.00594678009276,521.91,6.73452047156467,29470733.0,402152.0,85369394.0,193973.0,162670.378182585
22380.0,3844.954185916867,118.93119428525969,108.26360629444858,67.9998424023666,6.6774,1.520495719,311878.0,26216.0,363262.0,1827.0,2070.0
26532.0,3845.2749058121617,118.88223300988867,108.36733566343587,67.99973773927816,7.8023,1.568212938,404290.0,28808.0,420008.0,2505.0,2686.0
31550.0,3844.54995054402,118.86260207309483,108.44188318134479,67.99965707417535,9.1979,1.727760152,537501.0,29553.0,450276.0,2578.0,3439.0
35783.0,4340.263671875,119.0,108.0,68.0,10.855,1.962502907,725659.0,33441.0,507093.0,3045.0,5507.0
41163.0,4600.0,118.9643902674749,110.0,68.0,14.9692,2.184760791,952370.0,37164.0,588624.0,4159.0,6112.0
46122.0,4600.0,95.9,120.0,67.0,22.3384,2.27095081577697,1146921.0,44854.0,723356.0,5584.0,6009.0
55473.0,4600.0,119.2,753.0,69.0,28.653,2.31755273470348,1557166.0,48348.0,866122.0,6790.0,7101.0
62574.0,4534.0,163.1,868.0,69.0,34.0,2.37263572126538,1784661.0,52039.0,1054611.0,7404.0,7299.0
72994.0,4432.0,184.5,817.0,56.0,43.25,2.48864844120957,2295643.8,58770.7,1193390.0,11006.0,9271.0
85213.0,4412.0,230.0,497.0,58.0,60.17,2.63333003162564,2977580.0,74293.0,1693819.0,13982.0,8445.0
93173.0,4329.0,367.9,587.0,58.0,76.45,2.79579614514793,3604866.0,89609.0,2323275.0,19782.0,10180.0
99607.0,4358.0,461.7,585.0,58.0,92.81,2.97903502814165,4280921.0,100219.0,2761575.0,24856.0,11893.0
105231.0,4346.0,353.9,583.0,60.0,109.0,2.95472034274967,4646868.0,113335.0,3885631.0,26351.0,13103.0
107960.0,4283.0,397.7,591.0,60.0,120.82,3.08488353320406,5101839.0,124321.0,5034369.0,37342.0,15557.0
115053.0,4185.0,470.2,533.0,61.0,125.18,3.00425263301499,5373223.0,119384.0,5526361.0,39734.0,17440.0
118944.0,4058.0,724.3,457.0,61.0,115.99,2.4730066380257,4587227.0,103087.0,5514411.0,41675.0,18857.0
120711.0,4072.0,795.3,452.0,61.0,106.68,2.61780501912849,4923997.0,99490.0,6855875.0,54680.0,21933.0
90371.0,4150.0,897.4,491.0,57.0,109.93,3.28249013774542,4629716.0,92502.0,9092549.0,57799.0,22745.0
101614.0,4214.0,1092.6,549.0,57.000160842901,118.17,3.44377235292071,4850116.0,90640.0,10895598.0,75434.0,27378.0
113732.0,4430.0,1254.6,585.0,57.00023279702441,103.97,3.65930678560051,5743282.0,102986.0,12568262.0,97910.0,28386.0
119235.0,5153.0,1352.5,598.0,57.00029374836025,62.16,3.48627331972314,5686565.0,103499.0,16508667.0,71545.0,33185.0
122752.0,5559.0,1517.3,621.0,57.00033695222083,77.03,3.58022261655106,5992326.0,110094.0,19285572.0,59154.0,33182.18890759149
9115.0,1373.0879621463798,3545.9589479467395,47.08753644718511,77.99991207798375,4.8715,0.54884337,336031.0,32899.0,60406.0,3353.0,663.0
10513.0,1373.1100391947712,3545.9410863077037,47.107524501754774,77.99986934086887,5.4058,0.549796353,380530.0,34438.0,67969.0,3572.0,1288.0
12918.0,1373.02260304329,3545.932100161971,47.12187377123344,77.99986906832928,6.8231,0.517158687,438428.0,34823.0,72718.0,3407.0,1046.0
14782.0,1443.37347628139,3546.0,47.0,78.0,7.4044,0.583709964,589320.0,41703.0,103827.0,3585.0,2184.0
16962.0,1630.0,1169.0,52.0,76.0,8.8627,0.657471465,766640.0,43740.0,156099.0,4131.0,2336.0
19877.0,1630.0,235.9,61.0,76.0,17.405,0.656599438345673,900165.0,45334.0,164329.0,5358.0,2876.0
23239.0,1712.0,301.9,361.0,75.0,21.6674,0.681435825822806,1091113.0,46155.0,165906.0,5496.0,4484.0
24581.0,1811.0,466.8,424.0,74.0,26.43,0.782366374478692,1348446.0,56509.0,172112.0,6839.0,4107.0
28668.0,1871.0,724.0,438.0,75.0,29.65,0.762220301202397,1554491.9,62304.6,192931.0,10061.0,6523.0
33969.0,1951.0,924.3,370.0,75.0,33.22,0.821258243676721,2013377.0,73025.0,262471.0,11119.0,4699.0
36584.0,2006.0,1150.4,433.0,76.0,44.74,0.924804920111037,2457670.0,78533.0,378178.0,15315.0,5660.0
38716.0,2063.0,1756.0,504.0,76.0,49.76,0.995904797676158,2818551.0,89546.0,315581.0,18186.0,6028.0
39984.0,2108.0,2049.3,556.0,77.0,51.32,1.06415996655467,3130881.0,100946.0,292228.0,20132.0,7911.0
40255.0,2098.0,2204.7,633.0,79.0,45.5,1.17717743107034,3508708.0,106975.0,395438.0,30130.0,7289.0
43062.0,2141.0,2948.5,633.0,80.0,73.18,1.19557848424328,3834274.0,111384.0,589959.0,31826.0,8977.0
45387.0,2191.0,3841.1,669.0,80.0,69.08,1.3288656738883,4520312.0,113191.0,889245.0,35348.0,8782.0
47772.0,2328.0,4126.9,650.0,75.0,77.04,1.38777493198468,4997415.0,103275.0,2759840.0,51894.0,9041.0
46348.0,2457.0,4192.4,670.0,74.0,90.7,1.61440150727029,5667279.0,111799.0,3811904.0,57809.0,10658.0
48564.0,2596.0,4345.8,745.0,74.00007394510709,101.76,1.75207646942336,6343724.0,125058.0,5549646.0,92196.0,12014.0
54172.0,2700.0,4598.2,840.0,74.00014721049051,112.64,1.84567864861988,7454936.0,125609.0,7473182.0,120034.0,11991.0
56995.0,2926.0,5012.5,939.0,74.00024183003336,118.13,2.00354020731454,8489080.0,158713.0,10038253.0,115314.0,18188.0
59332.0,3190.0,5480.5,953.0,74.00029467396301,131.04,2.07560650917871,9121066.0,178016.0,17830882.0,92009.0,18178.169108190534
6146.0,1427.0131274719504,918.008388680022,27.09226314466406,170.9966187326881,2.5142,0.714389801,144131.0,17183.0,39014.0,934.0,583.0
7435.0,1427.0993332405885,917.979779718241,27.127787914436798,170.9953501041379,2.9874,0.554267082,158256.0,18483.0,32251.0,1175.0,1029.0
9150.0,1426.85274592637,917.9722434944435,27.149040242107656,170.99466351765366,4.2492,0.654006726,233570.0,18504.0,59960.0,1189.0,889.0
12495.0,1610.89355322339,918.0,27.0,171.0,4.3607,0.628813835,262814.0,27438.0,47980.0,1220.0,1860.0
14123.0,1790.0,917.9781459921421,36.0,170.0,5.5715,0.764618499,363388.0,38767.0,59213.0,1421.0,1401.0
16945.0,1790.0,148.0,34.0,170.0,15.7971,0.859019595873268,492506.0,36864.0,82677.0,1992.0,1423.0
20398.0,1863.0,188.6,151.0,170.0,17.6381,0.855146676873445,625574.0,43986.0,128425.0,2279.0,2365.0
21522.0,1979.0,283.0,154.0,171.0,17.61,1.09884334854063,808563.0,47772.0,162068.0,3227.0,2053.0
26283.0,2050.0,377.7,157.0,172.0,20.12,0.976903246000917,898835.0,46279.1,184911.0,4752.0,2475.0
31357.0,2132.0,502.8,118.0,170.0,27.17,1.009050905224,1133926.0,47355.0,224825.0,4974.0,2709.0
33628.0,2202.0,639.2,136.0,170.0,33.32,1.0926084160349,1323458.0,47029.0,306088.0,7196.0,2875.0
34813.0,2351.0,737.4,138.0,164.0,62.06,1.22978057869077,1549799.0,49035.0,527681.0,8565.0,3701.0
35070.0,2474.0,881.7,134.0,163.0,54.26,1.19254961607148,1521871.0,48955.0,484595.0,8371.0,4133.0
34919.0,2519.0,996.8,139.0,166.0,37.47,1.03808329462523,1325268.0,42873.0,512007.0,10020.0,5116.0
35532.0,2504.0,1345.9,133.0,165.0,34.56,1.01624163532027,1326237.0,44147.0,425622.0,10062.0,5757.0
42060.0,2439.0,1582.9,153.0,162.0,50.25,0.954602593180761,1482347.0,47694.0,941471.0,11311.0,6200.0
45328.0,2401.0,1840.1,170.0,158.0,59.08,1.04519592272853,1757822.0,44593.0,1507567.0,15060.0,7256.0
45724.0,2383.0,1989.2,180.0,143.0,57.72,1.1230697939939,1912215.0,46853.0,1095227.0,16598.0,8718.0
50528.0,2515.0,2148.2,206.0,143.00265584748595,66.09,1.1956477280388,2110549.0,52394.0,449791.0,27296.0,9901.0
64821.0,2688.0,2322.3,255.0,143.00620304511838,83.38,1.11503616612513,2518889.0,57228.0,1344737.0,37379.0,10258.0
73675.0,3112.0,2478.7,278.0,143.00847780473762,61.01,1.06743933922457,2737192.0,62219.0,1614346.0,33068.0,13204.0
73984.0,3528.0,2828.3,309.0,143.01070478763586,84.14,1.160300332319,2981763.0,67921.0,2238585.0,28463.0,13200.197157254963
7241.0,1141.5861699649895,705.9887797878312,15.046630553962231,108.9989023417409,2.767,0.278410434,48285.0,8679.0,58197.0,679.0,80.0
8975.0,1141.676091815782,705.9547744364621,15.074469487907418,108.99806484425466,3.0112,0.267536992,63898.0,8686.0,108452.0,817.0,96.0
11305.0,1141.41596638655,705.9756597769314,15.078219569902357,108.99751293536214,3.372,0.256327543,77951.0,11417.0,104085.0,831.0,89.0
16331.0,1302.73909395973,706.0,15.0,109.0,4.3463,0.300229749,116956.0,13504.0,109939.0,845.0,207.0
20053.0,1413.0,638.0,17.0,104.0,4.5414,0.344069056,164860.0,14751.0,107127.0,978.0,213.0
25393.0,1413.0,69.9,15.0,100.0,9.2228,0.397270124377783,241982.0,15373.0,109835.0,1313.0,313.0
32214.0,1507.0,99.7,94.0,100.0,15.3634,0.398943056896024,338950.0,18264.0,94423.0,1328.0,439.0
40282.0,1650.0,135.9,109.0,97.0,18.07,0.534612561279228,520726.0,21676.0,147651.0,1494.0,481.0
47347.0,1794.0,179.8,107.0,97.0,21.39,0.545926148046607,637205.0,24765.4,271464.0,2096.0,732.0
57974.0,1884.0,267.0,98.0,95.0,28.21,0.593100360170141,851685.0,27604.0,226719.0,2262.0,816.0
63886.0,1920.0,409.3,97.0,97.0,27.61,0.638810421281842,1014468.0,31819.0,1060962.0,3084.0,1080.0
67498.0,2042.0,548.7,100.0,97.0,31.64,0.696203983037455,1171877.0,37280.0,387390.0,3836.0,1358.0
71046.0,2137.0,677.2,95.0,97.0,32.87,0.687300473433317,1221346.0,36435.0,139393.0,4031.0,1644.0
71101.0,2156.0,739.9,107.0,97.0,35.72,0.763040819313676,1360617.0,38248.0,153872.0,5522.0,1818.0
72064.0,2035.0,916.0,109.0,98.0,32.38,0.813722342661393,1475124.0,39480.0,120492.0,5846.0,1967.0
63764.0,1937.0,1200.7,83.0,96.0,33.67,0.82210532790017,1323278.0,33030.0,196087.0,6271.0,2046.0
68302.0,1969.0,1294.1,93.0,92.0,26.05,0.747394619306134,1292187.0,24906.0,198398.0,9625.0,2288.0
67852.0,1984.0,1358.4,99.0,87.0,28.49,0.858730238959642,1478092.0,24897.0,224793.0,11059.0,2914.0
72062.0,2053.0,1372.7,105.0,87.00149064380213,32.38,0.927833929153643,1610703.0,27914.0,359540.0,17958.0,3695.0
85422.0,2127.0,1441.3,111.0,87.00219877283725,35.28,0.92647775687085,1900595.0,26427.0,411478.0,24362.0,3775.0
96474.0,2351.0,1750.1,131.0,87.00286619452955,42.99,0.904687675420794,2095130.0,37724.0,512988.0,24640.0,5244.0
102677.0,2523.0,1792.7,140.0,87.0032160229183,74.97,0.926414098347342,2281480.0,40446.0,609824.0,22258.0,5243.874650905517
12986.0,1854.6994412600184,2740.8168120969385,67.27217503843863,188.99143351609325,14.6625,1.311059283,715605.0,64703.0,508326.0,4551.0,3071.0
14258.0,1854.8017745153948,2740.5524628087637,67.41380687136136,188.98628893467065,16.2423,1.382246516,829699.0,56031.0,620200.0,5656.0,3539.0
16297.0,1854.54394299287,2740.4849782730867,67.55110757537106,188.9851107117109,19.5315,1.602431055,1069142.0,59967.0,752817.0,5749.0,4369.0
18983.0,2140.71377756699,2741.0,67.0,189.0,23.3698,1.557103812,1247086.0,66104.0,865167.0,6195.0,6856.0
21788.0,2379.0,2740.8987914441104,72.0,181.0,29.1249,1.467771034,1357857.0,69048.0,806494.0,7399.0,8484.0
25729.0,2379.0,224.1,86.0,174.0,38.6889,1.50042228005831,1653989.0,77157.0,929290.0,9615.0,10318.0
31259.0,2498.0,288.0,924.0,171.0,49.0226,1.39053361797641,1900662.0,76673.0,997290.0,10665.0,11103.0
35239.0,2621.0,426.6,999.0,169.0,57.49,1.52748629580036,2323687.0,80925.0,1197095.0,12198.0,11933.0
42355.0,2659.0,596.8,987.0,167.0,68.9,1.55749067982426,2874702.6,84653.8,1306811.0,17093.0,15370.0
50760.0,2671.0,793.4,701.0,166.0,87.2,1.63692675925801,3638348.0,80977.0,1596633.0,19176.0,13936.0
56649.0,2712.0,981.3,738.0,165.0,101.24,1.57313545648208,3908680.0,87180.0,2306648.0,21223.0,14875.0
61686.0,2811.0,1267.5,735.0,164.0,118.99,1.64686448048483,4459322.0,94885.0,1733775.0,21656.0,17256.0
65201.0,2903.0,1631.4,687.0,166.0,108.82,1.52021338210852,4351851.0,99586.0,2174648.0,19525.0,18595.0
65354.0,2933.0,2083.5,604.0,161.0,68.92,1.26756024447295,3633971.0,85366.0,2674927.0,25182.0,20874.0
50791.0,2876.0,2710.8,460.0,158.0,61.61,1.67536375854613,3727165.0,87839.0,3232180.0,25104.0,22473.0
53527.0,2845.0,3239.5,446.0,159.0,57.38,1.83637956635927,4298825.0,88858.0,3858317.0,26495.0,23586.0
58008.0,2859.0,3118.8,456.0,35.0,75.05,1.81739537474299,4600800.0,95317.0,4744910.0,35149.0,26269.0
57191.0,2866.0,3240.3,493.0,33.0,74.03,2.04123495299976,5084604.0,99880.0,5575904.0,40037.0,28808.0
58872.0,3136.0,3270.7,508.0,33.00590173659242,72.71,2.18596884088209,5490052.0,111931.0,6328126.0,60185.0,33247.0
65026.0,3487.0,3305.2,549.0,33.01107829350873,78.45,2.17670179559964,6004236.0,116505.0,7551240.0,80191.0,34841.0
68775.0,3742.0,3274.0,578.0,33.016243725132775,74.35,2.14293548598624,6209177.0,124163.0,9713459.0,77434.0,41603.0
72107.0,3963.0,3720.7,599.0,33.02082956820297,78.93,2.23918151303899,6764433.0,131346.0,12890739.0,67632.0,41600.54705425073
8334.0,1898.6073342915065,1819.800249538882,40.147995873770896,127.99919615552987,3.3298,1.175738607,264085.0,19580.0,82921.0,1507.0,1744.0
9338.0,1898.7222476411328,1819.6995494872194,40.273985445256905,127.99869333297735,3.0797,1.044299946,278001.0,19480.0,87292.3,1690.0,2386.0
10932.0,1898.35798816568,1819.4287587136037,40.35127951507228,127.99830333253283,3.6523,1.137296165,355065.0,22156.0,107900.0,2145.0,2675.0
13348.0,2144.34108527132,1820.0,40.0,128.0,4.5681,1.085662119,393039.0,25642.0,122261.0,2023.0,4456.0
15720.0,2359.0,63.0,44.0,125.0,5.6101,0.957194184,409212.0,28456.0,153666.0,2319.0,5012.0
19383.0,2359.0,96.2,44.0,122.0,11.087,0.962512465253402,508658.0,32509.0,174845.0,2855.0,5282.0
23514.0,2493.0,128.2,404.0,120.0,13.4116,0.822215651795023,528364.0,31731.0,196066.0,2984.0,6251.0
26595.0,2659.0,216.6,447.0,119.0,18.98,1.11777709084664,813602.0,39393.0,197598.0,3275.0,6597.0
31599.0,2695.0,288.1,436.0,119.0,19.12,0.874528761199781,758004.8,45313.1,188090.0,4343.0,8292.0
38460.0,2716.0,362.2,368.0,112.0,21.18,0.843363929592963,891337.0,44815.0,262614.0,4920.0,8475.0
43415.0,2807.0,498.8,394.0,111.0,24.96,0.919664903293677,1098010.0,49961.0,251180.0,5930.0,9364.0
47191.0,2889.0,635.6,394.0,109.0,37.22,0.921993365923402,1196882.0,48008.0,347167.0,6219.0,10917.0
50160.0,3033.0,695.0,393.0,111.0,36.45,0.947062045302735,1307243.0,49774.0,285756.0,6696.0,12663.0
51086.0,3168.0,806.0,406.0,109.0,41.39,1.00552935228502,1414089.0,49276.0,264697.0,8878.0,13421.0
53868.0,3169.0,987.2,442.0,106.0,41.01,0.94517622218613,1396668.0,48252.0,1164198.0,9995.0,14019.0
54838.0,3048.0,1560.7,426.0,104.0,46.84,0.856549520125424,1280073.0,45530.0,2199199.0,11090.0,14487.0
55611.0,3038.0,1761.1,346.0,104.0,41.1,0.763040793068084,1150255.0,36376.0,3419460.0,13885.0,16090.0
43475.0,3131.0,1526.7,311.0,103.0,39.18,1.26532853748928,1483828.0,42323.0,4741327.0,15579.0,17924.0
50800.0,3373.0,1686.6,321.0,103.00182844335016,39.94,1.29563604877462,1595099.0,44472.0,4621541.0,23951.0,20167.0
55450.0,3707.0,1651.2,350.0,103.00261226912434,38.43,1.38756828227116,1836516.0,50818.0,1081468.0,29879.0,19420.0
55347.0,4550.0,1743.1,356.0,103.00320969746033,22.38,1.432873253661,1872794.0,48947.0,369481.0,29534.0,23231.0
57739.0,5839.0,1923.9,359.0,103.00345119801888,38.54,1.55372546411257,2102377.0,53287.0,839977.0,26637.0,23230.282136574955
10184.0,1657.9086254232805,141.3579495948372,29.074058031421316,195.99699291609485,6.1223,0.599872236,232880.0,34198.0,120110.0,2083.0,1713.0
11615.0,1658.127394742382,141.50028353194443,29.14161079974044,195.99423665711825,5.7873,0.805355646,326765.0,34635.0,121165.0,2794.0,2379.0
13897.0,1657.48099606815,141.56587808830687,29.19134113650267,195.99325843777788,8.539,0.744120743,353502.0,39233.0,125715.0,2809.0,3230.0
14434.0,1887.03694000524,141.0,29.0,196.0,8.34,9.561544477,489073.0,44203.0,142585.0,2906.0,5106.0
16195.0,2090.0,141.37897769153878,28.0,193.0,8.6529,0.921478777,570294.0,45068.0,156934.0,3622.0,6424.0
18478.0,2090.0,174.6,26.0,191.0,17.4743,0.934801132342534,660437.0,48205.0,350209.0,4303.0,7664.0
21727.0,2207.0,217.6,210.0,189.0,20.0885,1.04277173135186,866999.0,50717.0,412565.0,4574.0,9137.0
22447.0,2352.0,293.8,209.0,188.0,19.96,1.27134505648073,1091704.0,54159.0,488550.0,5079.0,9693.0
27076.0,2420.0,367.4,199.0,182.0,27.69,1.18669232104624,1230433.8,61854.3,529123.0,6780.0,12093.0
32819.0,2447.0,498.4,138.0,179.0,33.23,1.02351613415991,1287788.0,66599.0,620682.0,12236.0,11141.0
35711.0,2409.0,640.6,161.0,180.0,37.64,1.0660478922082,1459588.0,65118.0,1004473.0,20268.0,11557.0
37509.0,2441.0,771.7,183.0,178.0,38.61,1.14569006454179,1647838.0,62660.0,1017747.0,19819.0,13162.0
39226.0,2529.0,865.2,182.0,178.0,39.46,1.07282946504444,1613469.0,62648.0,1202776.0,15412.0,13701.0
39462.0,2555.0,1044.0,179.0,172.0,42.91,1.04528738695556,1576677.0,56598.0,1272637.0,18943.0,15847.0
40432.0,2518.0,1308.8,174.0,154.0,44.92,0.991186194803228,1525048.0,54942.0,1258091.0,18046.0,17425.0
41916.0,2427.0,1964.9,177.0,147.0,46.91,0.92179305626473,1465898.0,47406.0,1467121.0,18221.0,17901.0
43274.0,2403.0,1937.2,156.0,141.0,39.52,0.82502405018574,1349873.0,37155.0,1659200.0,19435.0,19954.0
36183.0,2405.0,2113.2,170.0,112.0,42.16,1.0765903554627,1465528.0,44394.0,2328823.0,19989.0,22229.0
42635.0,2531.0,2181.1,188.0,112.0026581376352,42.98,1.26408365879476,1731605.0,44205.0,2652015.0,28475.0,23936.0
47266.0,2695.0,2127.5,227.0,112.00498391934948,43.52,1.30774974460993,1945827.0,48639.0,3501428.0,38884.0,24735.0
51096.0,3448.0,2260.4,235.0,112.00748412651704,46.47,1.36968806993271,2177941.0,56938.0,4601814.0,36551.0,28943.0
51563.0,3817.0,2207.7,244.0,112.00978365478223,49.41,1.44354535095285,2292913.0,62552.0,1128827.0,27588.0,28941.19155756296
40646.0,3694.500530107053,123.20790671941204,223.57515063543465,139.99270696448744,1.9195,2.038661357,1102663.0,54749.0,1202170.0,6695.0,7824.0
46718.0,3694.5047461005647,123.33175562304775,224.00194954131211,139.98750129349995,1.5383,1.925818205,1289187.0,56211.0,1427790.0,16671.0,9844.0
55307.0,3694.45353594389,123.36693482037566,224.18316299608128,139.98385561495454,1.6331,2.119670994,1711168.0,59089.0,1716963.0,10625.0,11385.0
51474.0,3837.78415614237,123.0,223.0,140.0,2.9114,2.276050941,2083538.0,67048.0,2317328.0,12603.0,17821.0
57695.0,4206.0,123.0,289.0,137.0,4.2634,2.496906825,2588386.0,80201.0,3095095.0,16602.0,19133.0
66367.0,4206.0,421.3,310.0,137.0,105.7666,2.52244387288382,3074569.0,90145.0,3548877.0,24481.0,19928.0
73124.0,4317.0,533.8,1618.0,135.0,120.2743,2.52587303640548,3553868.0,95129.0,3861695.0,24468.0,24011.0
78989.0,4371.0,611.3,1536.0,134.0,215.31,2.81380259130891,4233774.0,132859.0,4354108.0,34913.0,25066.0
76074.0,4393.0,662.4,1423.0,136.0,202.03,2.80614995473605,4817031.4,134952.3,4314374.0,48215.0,29588.0
82560.0,4300.0,819.1,962.0,134.0,218.5,3.11378804304508,5977131.0,148500.0,4807491.0,47960.0,27672.0
85373.0,3556.0,706.4,1030.0,136.0,245.43,3.36672791020785,6794636.0,153361.0,5187473.0,51508.0,28597.0
90092.0,3481.0,1491.5,1024.0,136.0,257.66,3.5958725347327,7767847.0,165755.0,5316804.0,48680.0,34191.0
97370.0,3421.0,1374.6,1003.0,138.0,262.29,3.65735689099912,8619549.0,168173.0,5924481.0,50488.0,37134.0
103796.0,3348.0,1404.5,1020.0,137.0,271.85,3.72617574417526,9361439.0,171798.0,6637838.0,60623.0,42902.0
116562.0,3330.0,1464.8,991.0,134.0,341.71,3.72380756352771,10493187.0,183932.0,7809858.0,64230.0,47371.0
126634.0,3327.0,1595.7,1001.0,132.0,389.9,3.93433745775388,12052052.0,183462.0,8106177.0,72806.0,49142.0
134982.0,3498.0,1810.2,1027.0,128.0,426.37,4.15914230992963,13592023.0,188138.0,12251857.0,92460.0,54368.0
157279.0,3517.0,1871.8,1111.0,131.0,389.54,3.99565093412924,15245534.0,198646.0,14223539.0,100587.0,60314.0
155768.0,3582.0,2028.6,1195.0,130.9956822625165,406.2,4.17484828392753,16156905.0,228621.0,15832248.0,139780.0,65294.0
173630.0,3722.0,2322.0,1323.0,130.9941071051048,422.7,4.21097931500478,18197705.0,235518.0,25454910.0,179317.0,70917.0
179907.0,3691.0,2340.4,1385.0,130.99278559651586,386.25,4.43774746488462,19815785.0,264054.0,38707329.0,178323.0,83248.0
190321.0,3936.0,2560.5,1430.0,130.99254652098483,528.05,4.340659103279,20496028.0,298924.0,46423364.0,159115.0,83243.067151091
14391.0,1768.4728511006126,2030.7742648219908,591.0947789853752,157.99225514154475,11.4715,1.102905919,1172582.0,90574.0,594873.0,7595.0,4445.0
16809.0,1768.6035172177067,2030.6653052110873,591.9705948453379,157.98789637396538,13.5056,1.209226649,1504625.0,98054.0,765163.0,9840.0,5550.0
20705.0,1768.27842290035,2030.639949225312,592.247290806854,157.98813189974135,19.9149,1.426175718,2139777.0,103295.0,897855.0,11330.0,6930.0
24560.0,2014.76254540562,2031.0,590.0,158.0,27.1295,1.474020603,2698292.0,128028.0,1008296.0,13580.0,11337.0
28814.0,2301.0,1740.0,693.0,150.0,39.296,1.59883678,3460695.0,138876.0,688297.0,19352.0,13162.0
33928.0,2301.0,547.3,807.0,153.0,68.7266,1.67124934200686,4301988.0,160482.0,784173.0,31770.0,15659.0
39622.0,2542.0,777.5,4468.0,152.0,91.5173,1.87500088761273,5809124.0,195333.0,940246.0,44438.0,20252.0
44744.0,2679.0,954.5,4542.0,149.0,117.02,2.03716745072887,7019529.0,273273.0,1082184.0,87286.0,23051.0
52840.0,2786.0,1092.5,4868.0,147.0,150.35,2.07106609265602,8579490.7,315831.0,2493406.0,138382.0,28730.0
62290.0,2819.0,1806.4,4061.0,148.0,213.4,2.16962948890324,10655109.0,342765.0,3334316.0,199814.0,27946.0
68347.0,2824.0,2064.2,4598.0,148.0,257.24,2.38236035148771,12878616.0,401920.0,4009141.0,269944.0,30599.0
74607.0,2786.0,2892.4,4865.0,143.0,302.59,2.51420318026428,14874466.0,466159.0,5275020.0,239645.0,38340.0
81874.0,2814.0,3063.2,4852.0,144.0,327.1,2.53935083898309,16528208.0,498801.0,5431585.0,200032.0,43846.0
87995.0,2858.0,3503.3,4903.0,142.0,371.96,2.56891057410551,18012271.0,520303.0,5729178.0,250290.0,51602.0
96887.0,2896.0,4697.3,5007.0,135.0,381.02,2.61909606984417,20268734.0,543438.0,6356425.0,231033.0,59837.0
107150.0,2937.0,5676.8,4847.0,133.0,428.01,2.6319650829349,22600621.0,560002.0,7784223.0,227187.0,63029.0
115168.0,3045.0,6531.7,4870.0,130.0,507.31,2.70470163744635,25044293.0,560263.0,9914475.0,306996.0,72312.0
123607.0,3143.0,7131.5,5111.0,128.0,572.04,2.78979634155938,27795165.0,635279.0,14715193.0,314395.0,81187.0
121231.0,3311.0,7249.0,5973.0,128.0055910306801,584.39,2.9263611262495,30059283.0,669084.0,20878468.0,499167.0,89470.0
137039.0,3653.0,7224.9,6893.0,128.0093546154156,671.59,2.95499578048919,34385572.0,755899.0,26061663.0,640917.0,94327.0
144390.0,3531.0,7464.3,7668.0,128.01195816576663,678.32,3.12139122820153,38354282.0,824682.0,29867776.0,560127.0,116297.0
150487.0,3845.0,8009.1,8360.0,128.01358953217806,761.46,3.2851487495925,42122900.0,899543.0,33310038.0,447006.0,116290.85196624282
16838.0,1651.4858707729234,2283.1661402313694,236.4581736698727,103.00294384418034,16.0801,0.696337866,542865.0,39973.0,389438.0,10479.0,2799.0
20147.0,1651.70673319105,2282.7248258931704,236.80090741964545,103.0050159996836,19.5284,0.775120505,752256.0,46580.0,530353.0,14402.0,4053.0
23942.0,1650.89957264957,2282.5702823619563,236.88714128890973,103.00701022374878,25.238,0.991931288,1155471.0,63100.0,581465.0,15249.0,5392.0
27703.0,1885.78389830508,2284.0,236.0,103.0,34.0822,1.215169894,1632921.0,80120.0,386954.0,19056.0,9083.0
31874.0,2115.0,1898.0,312.0,103.0,41.5202,1.423098985,2240315.0,102761.0,399618.0,30968.0,10365.0
37411.0,2115.0,549.9,340.0,105.0,71.5442,1.49944942716997,2816032.0,129393.0,453474.0,42069.0,11016.0
42214.0,2246.0,701.3,2964.0,102.0,86.7928,1.60544367924058,3445714.0,159589.0,589189.0,52953.0,12633.0
44641.0,2324.0,822.0,3094.0,101.0,99.3,1.73480047063224,3988367.0,185069.0,564581.0,79945.0,13495.0
51711.0,2303.0,947.3,3339.0,99.0,121.4,1.78280543720924,4942348.5,223484.4,603478.0,114643.0,16337.0
59249.0,2285.0,1316.6,1923.0,98.0,143.9,1.85056832158322,5980824.0,253687.0,718968.0,130190.0,16149.0
63374.0,2218.0,1458.2,2143.0,101.0,165.98,2.08446508370178,7225867.0,278110.0,813079.0,188463.0,17540.0
68462.0,2288.0,2250.4,2391.0,101.0,191.87,2.17540683695299,8172675.0,311042.0,814958.0,202350.0,20051.0
73002.0,2363.0,2447.4,2437.0,102.0,207.99,2.25984945621478,9078500.0,338398.0,872527.0,188544.0,22408.0
77644.0,2408.0,2632.6,2603.0,101.0,250.79,2.3578035880297,10111792.0,364710.0,980966.0,234983.0,24335.0
84916.0,2414.0,4768.9,2595.0,101.0,269.04,2.3927982178714,11306297.0,376553.0,1983716.0,221456.0,26796.0
92057.0,2355.0,4720.6,2608.0,98.0,303.5,2.44617029817112,12663398.0,398091.0,3247310.0,213805.0,28417.0
98643.0,2345.0,5455.1,2785.0,97.0,379.66,2.57253134723024,14456893.0,458038.0,5906641.0,284621.0,32093.0
107624.0,2370.0,5971.0,3150.0,95.0,516.06,2.67802566536235,16697956.0,534724.0,8880078.0,285342.0,37493.0
100620.0,2509.0,6284.4,3622.0,95.00307542399028,472.13,2.87850016730291,18598951.0,582981.0,14033228.0,391700.0,44165.0
113032.0,2704.0,6031.5,4230.0,95.00644320437446,578.6,2.93500227162052,21576904.0,575284.0,18557774.0,465468.0,48816.0
118496.0,2632.0,6237.8,4624.0,95.00871566803563,680.89,3.10976563203689,24167668.0,642274.0,24350738.0,443985.0,60228.0
125043.0,2839.0,6952.9,4815.0,95.01098689321906,787.48,3.19816918060112,26401910.0,808482.0,43237082.0,381835.0,60225.61039679341
5817.0,984.8018434011694,2523.9609630176583,50.135768134029156,131.99802487754096,2.4998,0.720005043,256977.0,23748.0,75423.0,1419.0,2066.0
6455.0,984.848565000507,2523.9532556678446,50.2140356885371,131.99648787088398,2.7109,0.826435727,324219.0,25107.0,87960.0,1610.0,2042.0
7768.0,984.678627145086,2523.947921584887,50.258386916535656,131.99597963708146,2.9904,0.797080255,379356.0,24113.0,90675.0,1607.0,3188.0
8675.0,1109.56663055255,2524.0,50.0,132.0,3.7659,0.853923261,458994.0,28405.0,142553.0,1939.0,4639.0
10055.0,1351.0,951.0,54.0,129.0,5.1699,0.965020419,593365.0,29875.0,184921.0,2235.0,5411.0
12045.0,1351.0,134.3,59.0,123.0,15.9551,0.97487296616867,717914.0,36163.0,264515.0,3413.0,5784.0
14485.0,1485.0,194.7,467.0,115.0,23.7788,1.11076114536708,983208.0,49465.0,324865.0,4346.0,6375.0
16408.0,1658.0,248.3,617.0,111.0,36.47,1.35104771823405,1359535.0,59697.0,356174.0,8594.0,6510.0
20888.0,1742.0,471.9,745.0,111.0,57.98,1.32468281047597,1637219.2,64168.7,461470.0,16012.0,7655.0
25659.0,1841.0,609.5,574.0,107.0,77.03,1.40284170933915,2146439.0,81087.0,650337.0,32681.0,7620.0
28792.0,2007.0,732.8,744.0,105.0,96.0,1.63719777713869,2817953.0,103047.0,861592.0,43321.0,8498.0
31684.0,2101.0,1063.8,841.0,108.0,109.67,1.84928674863582,3520833.0,119342.0,1308253.0,48849.0,10635.0
34425.0,2203.0,1124.6,1036.0,104.0,129.59,1.8879165417591,3936070.0,129319.0,1698313.0,48380.0,12349.0
35997.0,2245.0,1175.7,1198.0,102.0,147.94,1.96200290562006,4317511.0,133558.0,1904669.0,59039.0,13565.0
39561.0,2309.0,2211.5,1398.0,100.0,259.5,1.94665805187069,4751329.0,135829.0,2173748.0,60983.0,15633.0
43401.0,2259.0,2527.3,1415.0,100.0,260.41,2.09090162114146,5649198.0,140452.0,2495697.0,58213.0,16226.0
47712.0,2250.0,2872.2,1456.0,97.0,294.81,2.16268868210627,6489541.0,147149.0,3213131.0,79747.0,18666.0
58496.0,2245.0,3374.0,1466.0,91.0,377.95,2.03165653481518,7540286.0,175318.0,4496068.0,82524.0,21020.0
63426.0,2447.0,3481.3,1702.0,91.002973090814,369.98,2.28327020526812,8831833.0,194688.0,6595728.0,119696.0,23444.0
70321.0,2702.0,3543.7,1931.0,91.00508984946775,416.09,2.34204663960223,10061245.0,235292.0,17877084.0,153475.0,26573.0
73603.0,3089.0,3889.0,2197.0,91.00644294305299,507.56,2.55858541458541,11525148.0,252476.0,28754545.0,156584.0,32888.0
76830.0,3469.0,4696.1,2372.0,91.0074837865341,535.34,2.68804202284349,12647399.0,276642.0,35975671.0,142638.0,32887.10190205393
13497.0,1185.8102030541647,5046.92558236955,102.10477110984527,99.00774447440529,4.9582,0.521141561,243999.0,22448.0,128988.0,4001.0,950.0
14979.0,1185.8535431055884,5046.855099583296,102.18847504134787,99.00917838619917,5.8128,0.752495651,375019.0,26614.0,166779.0,5377.0,1868.0
17218.0,1185.67373853211,5046.78546131701,102.21468245176295,99.01840458658351,6.7384,0.796193186,458874.0,31792.0,141395.0,4758.0,1554.0
18646.0,1426.8527485047,5047.0,102.0,99.0,8.3179,0.816245568,536186.0,35716.0,171959.0,5147.0,2197.0
21471.0,1656.0,4994.0,124.0,98.0,9.6134,0.885584834,674333.0,40238.0,113187.0,6412.0,2598.0
25908.0,1656.0,305.6,144.0,103.0,21.267,0.88843058752553,821721.0,47593.0,145579.0,7761.0,3131.0
30123.0,1788.0,368.6,693.0,102.0,25.6281,0.941778673400468,1019288.0,59270.0,179690.0,7937.0,3925.0
33840.0,1937.0,411.7,743.0,104.0,27.89,1.10637492818634,1353819.0,63269.0,232594.0,11282.0,4369.0
40025.0,2039.0,471.8,791.0,96.0,32.31,1.15964469312864,1708982.3,76737.4,356569.0,18063.0,5143.0
47377.0,2144.0,747.1,596.0,97.0,40.48,1.26146258181864,2215151.0,96884.0,345712.0,21857.0,5078.0
52763.0,2200.0,910.3,692.0,95.0,48.47,1.3754549081352,2709891.0,114492.0,500920.0,30497.0,5705.0
57856.0,2301.0,1439.8,742.0,93.0,60.62,1.44330926430768,3140589.0,122544.0,446885.0,37511.0,7003.0
63472.0,2435.0,1439.4,796.0,102.0,67.4,1.47587313807587,3550325.0,135866.0,391913.0,37857.0,8230.0
67966.0,2513.0,1618.7,844.0,100.0,76.6,1.5124423494851,3929298.0,126572.0,521448.0,61621.0,9383.0
74707.0,2508.0,2335.3,858.0,102.0,80.28,1.5768235141396,4542920.0,132155.0,432204.0,67142.0,10429.0
82677.0,2438.0,2482.3,960.0,99.0,99.44,1.6875498141979,5430888.0,140325.0,754634.0,68304.0,11812.0
91197.0,2352.0,2861.8,1005.0,97.0,115.25,1.79530997060667,6427935.0,160922.0,845235.0,102622.0,13323.0
107139.0,2355.0,3245.0,1184.0,97.0,133.41,1.77791390494162,7537466.0,171452.0,1395883.0,98955.0,15191.0
105818.0,2577.0,3232.1,1227.0,97.01734688456509,149.44,1.91875298521384,8424072.0,185622.0,1635367.0,145928.0,18753.0
116939.0,2866.0,3370.0,1314.0,97.0300508910297,155.11,1.98467785553898,9687292.0,235412.0,1967976.0,153814.0,20015.0
126829.0,3023.0,3546.6,1443.0,97.04109444917653,153.0,2.03753876395926,10821348.0,260296.0,2595179.0,141536.0,23733.0
129865.0,3462.0,3833.2,1448.0,97.04980558564847,146.92,2.15559754282487,11716772.0,279771.0,3290010.0,120264.0,23731.53757879283
5829.0,1412.3035016659546,1947.0287134717764,41.152474428941886,115.99933043676978,1.4399,0.478163462,117173.0,15335.0,62891.0,1044.0,150.0
6678.0,1412.4468405660768,1946.9566768699817,41.2584541323824,115.99923650142604,1.7248,0.604728201,169772.0,16999.0,83323.0,1238.0,178.0
8189.0,1412.00987306065,1946.9430274403362,41.314382736939066,115.99915705297836,2.2635,0.622793416,215281.0,19225.0,93661.0,1169.0,231.0
9440.0,1767.50700280112,1947.0,41.0,116.0,2.5103,0.703305101,285314.0,22064.0,111227.0,1361.0,573.0
10798.0,2105.0,2298.0,44.0,115.0,3.1732,0.808514237,377619.0,25797.0,93135.0,1536.0,875.0
12633.0,2105.0,122.1,48.0,114.0,8.7373,0.886990591336758,487867.0,27123.0,99533.0,2069.0,1183.0
14781.0,2111.0,167.8,477.0,113.0,11.1406,0.905843452564535,631468.0,28241.0,77641.0,2295.0,1690.0
17335.0,2062.0,219.1,502.0,112.0,13.4,0.991401900412531,758936.0,33055.0,97893.0,2915.0,2152.0
21253.0,2118.0,281.8,555.0,115.0,18.26,0.922127949077689,871527.1,34822.9,230479.0,4349.0,3351.0
26150.0,2162.0,358.9,499.0,116.0,21.32,0.826748595637633,967529.0,37517.0,341861.0,5550.0,2899.0
28800.0,2212.0,562.0,602.0,117.0,27.5,0.877722243159254,1136552.0,38152.0,397796.0,7985.0,3498.0
31771.0,2295.0,719.3,696.0,116.0,46.32,0.944988666875893,1354972.0,43512.0,430552.0,9970.0,3901.0
34674.0,2381.0,868.6,792.0,118.0,58.37,0.974323926175799,1531114.0,43469.0,507593.0,13831.0,5106.0
36724.0,2527.0,975.1,923.0,118.0,74.79,1.0355433998773,1731820.0,46548.0,648484.0,24161.0,5638.0
40400.0,2654.0,1693.2,1064.0,117.0,83.12,1.12065030542191,2073091.0,50620.0,790077.0,31472.0,6392.0
43424.0,2698.0,2055.6,1103.0,114.0,120.09,1.27861159804082,2558030.0,61897.0,962096.0,33029.0,6496.0
47434.0,2676.0,1985.9,1305.0,114.0,147.09,1.41320768276963,3106906.0,85255.0,1158231.0,52819.0,7401.0
53164.0,2771.0,2032.7,1500.0,115.0,182.92,1.55229486014339,3843094.0,105593.0,1486137.0,59140.0,9404.0
56871.0,3010.0,2369.5,1779.0,115.00029243671389,195.74,1.67650312360119,4307188.0,124326.0,2334099.0,80239.0,11166.0
65560.0,3424.0,2532.9,2111.0,115.00070595722511,210.95,1.69539799525316,5021718.0,124785.0,4093849.0,97372.0,11800.0
70923.0,4001.0,2642.3,2550.0,115.00113243515777,228.43,1.74016280744637,5581520.0,131673.0,7338839.0,75830.0,14783.0
71216.0,4510.0,2834.5,2593.0,115.00155876504986,244.15,1.87620659563169,6041404.0,160685.0,15848723.0,60120.0,14782.224543539402
11645.0,1361.3806898295343,1900.730858011316,189.81588193161588,249.9985867548905,13.6861,0.835506053,881631.0,72630.0,347650.0,7293.0,2205.0
13661.0,1361.4935160655796,1900.6208035967556,190.54152166110524,249.9979304043051,14.067,0.859769087,1038442.0,78260.0,525682.0,9067.0,2694.0
16925.0,1361.17589041096,1900.637352408118,190.89272079255804,249.99771338190382,15.78,0.94611712,1421242.0,72255.0,750850.0,9733.0,3287.0
20096.0,1597.62854030501,1901.0,189.0,250.0,19.4199,1.053876276,1951449.0,91142.0,983614.0,10743.0,5664.0
23794.0,1811.0,601.0,197.0,244.0,27.6583,1.060497723,2341299.0,96637.0,232005.0,15937.0,6512.0
27807.0,1811.0,433.8,239.0,240.0,46.4073,1.20276200603021,3123081.0,116470.0,450275.0,22821.0,8216.0
33083.0,1917.0,529.3,1766.0,234.0,57.1333,1.40210511138812,4337171.0,160420.0,660126.0,26688.0,10842.0
35894.0,2071.0,743.5,1907.0,230.0,62.88,1.53287124243841,5195920.0,164620.0,719391.0,34513.0,10698.0
41106.0,2153.0,1028.9,1847.0,229.0,84.36,1.71561366477133,6720045.0,190329.2,1006769.0,51490.0,14354.0
47335.0,2202.0,1424.0,1514.0,227.0,108.62,1.8614026985231,8443667.0,228608.0,1263778.0,58844.0,13491.0
51768.0,2191.0,1756.4,1875.0,225.0,124.98,2.0401129780834,10203266.0,254013.0,1400153.0,75496.0,14726.0
56323.0,2238.0,2144.9,2015.0,224.0,149.14,2.15016385864104,11758027.0,279331.0,1793981.0,76976.0,17617.0
60879.0,2304.0,2537.0,2114.0,217.0,147.06,2.19442088129236,13040695.0,286352.0,2492942.0,72818.0,18647.0
64168.0,2421.0,2949.1,2268.0,218.0,159.05,2.26529558509979,14271890.0,297845.0,3075545.0,98101.0,22209.0
68733.0,2516.0,4003.4,2207.0,204.0,167.0,2.3022449708921,15660904.0,301480.0,3959453.0,98093.0,27228.0
72807.0,2620.0,4680.0,2141.0,198.0,195.77,2.41347492880415,17530070.0,304820.0,5116448.0,100522.0,29493.0
76267.0,2519.0,5596.9,1978.0,189.0,232.74,2.14899580448039,16433300.0,308339.0,8199520.0,132382.0,34094.0
70653.0,2588.0,6312.3,1564.0,184.0,305.76,2.10323364270575,14947162.0,278787.0,11100178.0,146481.0,37983.0
72151.0,2855.0,6915.2,1718.0,184.00198947409652,298.62,2.29989675778419,16818915.0,341159.0,19038906.0,238778.0,47411.0
81727.0,3154.0,6756.8,1922.0,184.00294664530153,372.32,2.34025842430252,19446588.0,447642.0,24777895.0,329838.0,50028.0
86003.0,3429.0,7037.0,2253.0,184.00352128260516,313.26,2.4937455324006,21804089.0,514497.0,32318349.0,342290.0,61596.0
90771.0,3909.0,7657.3,2607.0,184.0040689864037,322.7,2.59156445132819,23860197.0,580961.0,45546684.0,273523.0,61591.75230583312
6436.0,943.5870960105792,1378.8379119342549,66.16261872663816,147.9982222969184,4.9581,0.475220994,293151.0,41492.0,178506.0,2590.0,485.0
7570.0,943.6086846310793,1378.7389436404558,66.25747377765315,147.9967978625103,5.7218,0.497852265,341910.0,40742.0,192690.0,2961.0,588.0
9470.0,943.535740146891,1378.6890896809891,66.29417218801592,147.9955533774147,6.8235,0.495167639,423556.0,42126.0,203207.0,3318.0,929.0
11346.0,1118.62406092415,1379.0,66.0,148.0,9.2275,0.524985313,555824.0,51181.0,263737.0,3748.0,1508.0
13313.0,1331.0,1206.0,77.0,133.0,11.6451,0.638941195,798419.0,59692.0,237288.0,5242.0,1961.0
16012.0,1331.0,230.8,98.0,128.0,25.2287,0.673639763236672,1011299.0,64879.0,261907.0,6998.0,2766.0
19593.0,1455.0,321.4,651.0,128.0,30.4389,0.678614182178014,1222763.0,71494.0,254425.0,9133.0,4372.0
20597.0,1648.0,497.3,678.0,125.0,35.52,0.897103559156201,1747599.0,92571.0,263046.0,11425.0,4774.0
24446.0,1774.0,693.2,728.0,124.0,44.67,0.914447505581933,2111675.1,101467.4,272002.0,16539.0,7107.0
28661.0,1839.0,875.8,723.0,121.0,56.59,0.982109856177057,2644923.0,118041.0,387602.0,19259.0,6521.0
31499.0,1901.0,1104.1,848.0,118.0,69.64,1.0499575834707,3107802.0,128323.0,399435.0,26791.0,7512.0
34174.0,2012.0,1435.7,933.0,116.0,80.0,1.10500729882516,3553246.0,152252.0,402406.0,29482.0,8214.0
37072.0,2114.0,1747.0,1068.0,119.0,81.25,1.1449056964518,4000099.0,161444.0,407919.0,33366.0,9572.0
39123.0,2203.0,2016.4,1176.0,119.0,83.25,1.17572325507484,4350430.0,158858.0,450442.0,47766.0,11318.0
42575.0,2293.0,3241.9,1261.0,122.0,96.1,1.22106781044278,4941880.0,166279.0,587075.0,49145.0,12958.0
46674.0,2352.0,4345.8,1194.0,122.0,137.94,1.30643507943266,5820538.0,162504.0,768528.0,55407.0,13512.0
50152.0,2455.0,4475.8,1123.0,117.0,155.67,1.39737234959483,6715193.0,166807.0,1492840.0,82318.0,15236.0
56388.0,2653.0,4780.8,1106.0,115.0,211.07,1.46157130956594,7930369.0,191570.0,2318885.0,86247.0,18108.0
55435.0,2913.0,4752.8,1198.0,115.00235326053378,254.28,1.63876766525926,9012742.0,203080.0,3797786.0,122809.0,21333.0
59410.0,3223.0,4934.5,1369.0,115.00293984256969,329.25,1.73015076230229,10188408.0,222433.0,6073260.0,158038.0,23729.0
62106.0,3424.0,5631.0,1533.0,115.00300070230284,409.2,1.86365104955408,11432586.0,236800.0,10207498.0,135990.0,32509.0
60073.0,3801.0,6624.9,1613.0,115.00318403339776,470.1,2.04907106763805,12116649.0,244566.0,13626332.0,109957.0,32507.114075859754
8319.0,1998.8201231828452,2437.9695233263806,65.10579449342879,167.99892054535366,4.6724,0.962358536,478834.0,55509.0,348603.0,2209.0,3013.0
9011.0,1999.00440721317,2437.9635109539,65.15800393591938,167.99856551229684,6.1746,1.152241222,548173.0,51901.0,412538.0,2871.0,4294.0
10500.0,1998.55048317228,2437.9585360943133,65.1909753486327,167.9983449548067,5.9873,1.005112511,566204.0,50311.0,461700.0,3280.0,5188.0
11431.0,2176.44115691489,2438.0,65.0,168.0,7.9312,1.149562739,749531.0,61226.0,501823.0,3860.0,9068.0
13296.0,2542.0,2334.0,76.0,162.0,9.9706,1.245557502,944297.0,62100.0,444427.0,4734.0,9822.0
16206.0,2542.0,221.7,79.0,161.0,18.7641,1.20595557423722,1113179.0,67403.0,522146.0,6616.0,11994.0
19860.0,2683.0,282.0,702.0,158.0,23.0584,1.31509706599676,1489859.0,72751.0,628971.0,8374.0,14654.0
22677.0,2724.0,327.4,739.0,157.0,25.33,1.6468432463294,2134490.0,91161.0,770329.0,11357.0,15286.0
27906.0,2829.0,433.3,798.0,153.0,30.09,1.65408617820701,2641180.3,97923.7,907218.0,17362.0,17684.0
34197.0,2906.0,588.4,544.0,152.0,44.19,1.64531694262403,3230129.0,113920.0,1256876.0,19035.0,15181.0
38572.0,2991.0,746.1,687.0,151.0,54.39,1.72816235177266,3845239.0,122748.0,1963922.0,24475.0,16786.0
42613.0,3078.0,1023.5,830.0,149.0,77.21,1.80880264661518,4462043.0,133061.0,3976158.0,28760.0,19979.0
47145.0,3144.0,1153.2,920.0,138.0,134.46,1.86600385255679,5108973.0,140741.0,5806801.0,28290.0,23470.0
50654.0,3121.0,1266.1,1037.0,134.0,157.36,1.90097424077476,5617415.0,135481.0,7893407.0,38781.0,26789.0
55665.0,3038.0,2061.1,1063.0,123.0,190.11,1.83693653647991,6000423.0,136608.0,9038371.0,41822.0,31048.0
60199.0,2950.0,2594.7,1059.0,116.0,234.27,1.97481121447068,7006253.0,139990.0,10330773.0,46369.0,33454.0
66616.0,3000.0,2605.5,1136.0,106.0,268.49,2.08819441886576,8220501.0,155547.0,12040937.0,64106.0,37706.0
77387.0,3088.0,2961.3,1230.0,101.0,319.28,2.09015409907108,9578823.0,178330.0,14298358.0,73940.0,42215.0
74440.0,3248.0,3062.3,1339.0,101.0014468817411,287.85,2.31399616881344,10052800.0,192168.0,16658080.0,110102.0,47297.0
86416.0,3598.0,3221.4,1489.0,101.0023519710584,314.57,2.31983708203284,11602178.0,230668.0,20907763.0,155169.0,48576.0
92059.0,3914.0,3667.8,1649.0,101.00308227982609,376.55,2.33492497427184,12546696.0,261382.0,30099979.0,160849.0,61158.0
95538.0,4483.0,4431.3,1741.0,101.00359848575502,397.84,2.52343218000272,14081660.0,288195.0,47711723.0,135211.0,61153.10459298831
6565.0,1267.2101037487273,6064.89723942774,39.037417004962144,132.99715291888936,5.3007,0.603866904,262135.0,29228.0,323422.0,2347.0,1609.0
7554.0,1267.2247784309266,6064.799653883235,39.05391317811383,132.99066920432665,4.909,0.645718124,300904.0,26988.0,369306.0,3175.0,2219.0
9117.0,1267.16944319376,6064.715660820677,39.060499306019366,132.99106480389642,6.4838,0.65658621,370442.0,31334.0,408280.0,3281.0,2839.0
10426.0,1452.43505524037,6065.0,39.0,133.0,8.157,0.683783983,445235.0,38044.0,417394.0,3659.0,4451.0
11950.0,1719.0,5924.12,40.0,130.0,10.4357,0.708391851,536174.0,39752.0,455281.0,5608.0,6231.0
14492.0,1719.0,207.9,43.0,131.0,20.4932,0.799495652173913,735536.0,44942.0,460816.0,5687.0,7427.0
17521.0,1838.0,262.0,546.0,131.0,26.5893,0.975369969710082,1127040.0,50253.0,477024.0,6133.0,8983.0
20428.0,1966.0,322.8,603.0,132.0,29.62,1.1753686343244,1534995.0,63843.0,440432.0,8309.0,9787.0
24719.0,2040.0,389.9,683.0,129.0,35.04,1.16323004920825,1865583.7,72636.6,400940.0,13873.0,11620.0
29880.0,2051.0,468.7,683.0,130.0,41.96,1.18568031008319,2332181.0,85783.0,353901.0,16064.0,11699.0
33480.0,2054.0,780.3,788.0,130.0,48.19,1.29852402904547,2876780.0,100032.0,422420.0,23212.0,12679.0
36763.0,2087.0,1070.2,881.0,132.0,55.46,1.33470616492672,3270253.0,103414.0,772098.0,24392.0,14922.0
40271.0,2106.0,1219.6,900.0,132.0,59.38,1.3608393879275,3679345.0,107432.0,979342.0,26637.0,16027.0
42754.0,2160.0,1498.3,953.0,132.0,66.26,1.4278119216489,4126692.0,114869.0,1050578.0,34075.0,17925.0
46382.0,2215.0,1931.8,1027.0,123.0,71.44,1.48596336704238,4688418.0,119345.0,1056287.0,34050.0,20393.0
49558.0,2251.0,2395.3,1143.0,119.0,91.42,1.67693617312471,5685310.0,130829.0,2031915.0,37916.0,21038.0
52949.0,2419.0,2436.0,1259.0,116.0,129.94,1.80716212528599,6582729.0,146948.0,2816126.0,48957.0,24761.0
57540.0,2610.0,2821.1,1381.0,105.0,171.92,1.98018067967193,7871638.0,157277.0,4906932.0,54685.0,28205.0
62900.0,2873.0,2997.9,1651.0,105.00593684617304,220.66,2.15095273050339,8987001.0,177561.0,7359497.0,78723.0,32066.0
69440.0,3149.0,3242.4,1838.0,105.0107212538535,217.3,2.23369421510927,10289088.0,209329.0,12612640.0,98936.0,33588.0
73598.0,3487.0,3513.0,1984.0,105.01490193631255,279.65,2.41471448765574,11752512.0,250171.0,25428885.0,92916.0,42577.0
75938.0,3965.0,4181.6,2271.0,105.01884887386407,314.12,2.5672224566062,12839424.0,293642.0,39897680.0,74940.0,42576.153045068015
15030.0,1285.4842049921522,6528.880653221776,839.4917074414425,196.99247887199942,37.6918,1.329249694,1564491.0,86881.0,684532.0,22761.0,1996.0
17213.0,1285.5865818052828,6528.87709718325,840.5225149694671,196.9787924345724,36.4417,1.135016637,1798393.0,93812.0,805730.0,29235.0,2847.0
19707.0,1285.20492833794,6528.858218239806,840.6739650565493,196.969633428517,40.6516,1.119585234,2112055.0,93051.0,572651.0,31446.0,3442.0
24435.0,1462.24229287091,6529.0,838.0,197.0,52.6901,1.089844473,2437605.0,119359.0,1124740.0,36894.0,5777.0
28332.0,1591.0,6423.0,1141.0,191.0,62.5003,1.194617941,3130433.0,147233.0,1070257.0,43516.0,6966.0
33151.0,1591.0,725.9,1292.0,190.0,119.2631,1.30062346385969,4042910.0,199464.0,1328448.0,56451.0,8363.0
37589.0,1718.0,1029.8,5719.0,187.0,132.5155,1.36576802654368,5025577.0,238684.0,2016319.0,62031.0,10044.0
41166.0,1821.0,1442.3,5603.0,183.0,168.5,1.65384919316275,6529820.0,283650.0,1709850.0,83621.0,11312.0
44736.0,1952.0,1733.4,5774.0,186.0,214.44,1.75764828507385,8087477.6,344691.8,2358949.0,119343.0,14779.0
50807.0,2037.0,2185.8,4601.0,185.0,203.92,1.96482183517922,10454872.0,410805.0,2750647.0,128413.0,14331.0
54095.0,1978.0,2519.4,5059.0,184.0,246.71,2.16610330287139,12361501.0,492327.0,3649384.0,153598.0,16057.0
58540.0,2082.0,3158.1,5802.0,186.0,344.94,2.32200855254257,14434527.0,501718.0,5293936.0,170430.0,19338.0
63469.0,2199.0,3325.2,5874.0,189.0,274.33,2.36757019813493,16054458.0,506862.0,4132478.0,179953.0,24313.0
67503.0,2356.0,3597.7,6194.0,189.0,569.55,2.4695851195982,17981679.0,501696.0,6625775.0,241176.0,25847.0
74016.0,2434.0,4765.5,6570.0,202.0,742.97,2.51703205160948,20351440.0,515649.0,7581650.0,259032.0,31836.0
80932.0,2431.0,6515.6,7604.0,199.0,823.89,2.61258825154342,23436283.0,565287.0,9370755.0,332652.0,36061.0
86412.0,2454.0,6482.3,8525.0,182.0,1034.71,2.78038538506793,27046969.0,762733.0,13654186.0,478082.0,43748.0
94172.0,2542.0,8149.1,9542.0,187.0,1168.79,2.87773586721113,30984890.0,803208.0,22230844.0,527390.0,50150.0
88210.0,2751.0,8538.0,10670.0,186.97861076839266,955.73,3.14179646723836,34798833.0,872238.0,32672142.0,709725.0,60430.0
98285.0,3175.0,8653.2,12372.0,186.95736550438136,982.76,3.2179698913803,40021795.0,885248.0,40996121.0,872209.0,66019.0
101905.0,2922.0,9333.7,13276.0,186.93738987279292,983.78,3.4169325720694,44118955.0,972492.0,39674797.0,837276.0,80984.0
106985.0,3144.0,10395.2,13716.0,186.92004692939327,980.46,3.53984139830121,48026161.0,1202365.0,38667832.0,703695.0,80981.23707417463
5099.0,908.8072415316286,2573.9717693795164,26.03912988237848,122.99269021356442,2.5795,0.368491789,90478.0,12085.0,44406.0,1054.0,155.0
5969.0,908.8220147695519,2573.952615916023,26.06763630801029,122.98736267143258,2.8805,0.398385742,112389.0,13188.0,41808.0,1331.0,168.0
7196.0,908.75437512868,2573.9436876852888,26.076936823427907,122.98434764349265,2.9566,0.345591962,118659.0,14801.0,90955.0,1272.0,328.0
8788.0,993.149928410718,2574.0,26.0,123.0,3.6362,0.358086242,145947.0,17947.0,94059.0,1225.0,524.0
10296.0,1228.0,832.0,26.0,120.0,4.4712,0.377762498,182403.0,18940.0,9423.0,1442.0,672.0
12555.0,1228.0,161.6,33.0,119.0,13.1873,0.369447499433311,220030.0,20141.0,9970.0,1907.0,887.0
14966.0,1273.0,210.4,269.0,119.0,16.2149,0.467605754166073,328306.0,23243.0,26996.0,2228.0,1255.0
16045.0,1352.0,270.7,303.0,119.0,18.07,0.608349357404668,472028.0,29856.0,17662.0,2702.0,1535.0
20219.0,1436.0,402.4,338.0,126.0,21.66,0.656955124688475,628696.2,33987.1,41362.0,3647.0,1847.0
25326.0,1530.0,494.1,275.0,124.0,28.25,0.691249881621415,810205.0,40135.0,56377.0,4402.0,2032.0
27952.0,1688.0,590.2,285.0,123.0,42.81,0.74532531396,971539.0,41268.0,25238.0,5900.0,2297.0
30588.0,1834.0,848.0,301.0,120.0,54.36,0.748915009041591,1076790.0,40664.0,73449.0,7884.0,2805.0
33090.0,1939.0,978.8,296.0,121.0,59.93,0.713992760748018,1119033.0,41208.0,115833.0,9664.0,3076.0
35190.0,2052.0,1126.2,313.0,120.0,49.63,0.630313894086336,1059124.0,38269.0,73132.0,13573.0,3535.0
38027.0,2178.0,1530.9,318.0,118.0,45.2,0.642815886762705,1177487.0,39903.0,339922.0,14858.0,4083.0
38102.0,2279.0,2094.9,327.0,119.0,60.04,0.767568451773608,1421787.0,36857.0,394228.0,15270.0,4476.0
41489.0,2383.0,2216.4,355.0,113.0,64.43,0.711720569109166,1448530.0,39961.0,614077.0,20551.0,5143.0
42964.0,2602.0,2760.1,365.0,108.0,72.33,0.786982616303325,1671326.0,47420.0,775572.0,22687.0,6345.0
44309.0,2887.0,3023.0,448.0,108.00585628317559,66.26,0.781842414187318,1732304.0,45821.0,916691.0,34470.0,7944.0
49206.0,3107.0,3356.2,501.0,108.01022320412402,71.13,0.80618409192875,1994572.0,55821.0,9405765.0,46804.0,9536.0
52164.0,3432.0,3579.2,558.0,108.01408277551177,104.12,0.828623355094312,2179354.0,70398.0,2269901.0,44691.0,13187.0
54005.0,3819.0,4099.3,607.0,108.01712004104748,107.31,0.838695482751522,2281453.0,67626.0,889320.0,34115.0,13186.730679968212
7803.0,976.779625348598,382.97169285714205,6.00743922829567,30.000361146943543,0.2893,0.20157913,12178.0,848.0,9134.0,199.0,15.0
8316.0,976.8784699092,382.95845339149366,6.024382415597049,30.000687912922704,0.5881,0.174927871,12126.0,1040.0,11978.0,296.0,23.0
9450.0,976.633785450062,382.94634594512394,6.032360919349226,30.000651518573886,0.5229,0.261234197,20870.0,1409.0,1885.0,278.0,20.0
10871.0,1133.10513447433,383.0,6.0,30.0,0.7497,0.178297953,15950.0,1225.0,10007.0,200.0,54.0
12654.0,1374.0,26.0,6.0,29.0,1.0212,0.199876526,21044.0,1209.0,8535.0,248.0,75.0
14555.0,1374.0,33.5,8.0,30.0,2.7904,0.21270682100582,26020.0,1262.0,7327.0,296.0,102.0
17175.0,1602.0,39.5,55.0,31.0,4.4981,0.222738945883731,33479.0,1726.0,35602.0,341.0,124.0
19254.0,1800.0,55.4,52.0,30.0,6.07,0.349447772652807,57806.0,4210.0,5556.0,630.0,183.0
23831.0,2001.0,77.3,57.0,30.0,7.47,0.340050859772342,70203.5,4893.1,32651.0,714.0,309.0
28898.0,2036.0,111.3,46.0,31.0,9.83,0.411141414221496,103717.0,5397.0,34584.0,765.0,368.0
32377.0,2079.0,127.6,50.0,31.0,12.06,0.480623629856349,137244.0,6787.0,5666.0,1093.0,473.0
35317.0,2218.0,168.9,51.0,31.0,13.83,0.471504484404696,148357.0,6962.0,38693.0,1331.0,570.0
38924.0,2253.0,198.6,49.0,30.0,13.53,0.483189172513083,169151.0,7514.0,6525.0,1597.0,673.0
40818.0,2317.0,223.9,51.0,28.0,12.38,0.458266266244639,169685.0,7713.0,21861.0,2061.0,886.0
44347.0,2290.0,398.4,52.0,28.0,15.69,0.535613835981447,217095.0,7840.0,34431.0,1939.0,1101.0
48430.0,2258.0,522.9,53.0,28.0,12.47,0.517864265642437,231099.0,7715.0,41079.0,2133.0,1155.0
51955.0,2261.0,571.6,56.0,28.0,15.04,0.556126281805859,268723.0,8160.0,69407.0,3292.0,1367.0
56507.0,2305.0,726.1,60.0,28.0,30.1,0.563382828554907,299096.0,8903.0,91077.0,4423.0,1832.0
55131.0,2497.0,794.1,63.0,28.00091380756031,35.67,0.662014066253464,366252.0,8961.0,201902.0,8578.0,2085.0
63707.0,2764.0,852.3,69.0,28.001686940202877,40.47,0.725599209290833,469840.0,13457.0,284162.0,13632.0,2763.0
66602.0,2839.0,1096.0,72.0,28.0024397739613,69.16,1.00269865947024,683660.0,17063.0,315522.0,13148.0,4113.0
72958.0,3169.0,1142.5,76.0,28.003077699012852,69.54,1.18919641911219,897986.0,22329.0,525900.0,10963.0,4112.904709704132
6347.0,1277.3898000432905,522.0151839187612,39.102500634123494,32.98922696187074,2.7725,0.640161315,126195.0,17572.0,409433.0,1761.0,627.0
7209.0,1277.4458543822489,522.0197272669742,39.12855271235722,32.975790653395734,2.7969,0.767333093,174401.0,17744.0,555083.0,2883.0,819.0
9608.0,1277.26198083067,521.9922784995941,39.14660663642733,32.96544003884211,3.9668,0.878357552,236525.0,20739.0,596186.0,3601.0,1045.0
10982.0,1473.84368994234,522.0,39.0,33.0,4.8959,1.040830617,319586.0,24619.0,357059.0,3591.0,2012.0
12457.0,1906.0,522.0,42.0,27.0,6.1033,1.057232133,369140.0,26826.0,553479.0,4590.0,2173.0
14660.0,1906.0,111.6,44.0,27.0,11.0513,1.13978134680086,469876.0,31563.0,395658.0,4994.0,2532.0
18025.0,2043.0,164.2,261.0,27.0,15.1279,1.03824698031987,601525.0,34421.0,621884.0,4820.0,3419.0
22920.0,2192.0,230.9,287.0,29.0,15.55,1.21684193439214,794599.0,35005.0,383158.0,7501.0,4423.0
27596.0,2317.0,291.7,324.0,28.0,17.9,1.26509769632002,1002663.3,37078.0,794410.0,12080.0,6257.0
34500.0,2413.0,401.1,252.0,30.0,25.04,1.28210224974204,1283560.0,40698.0,681453.0,15525.0,6525.0
38914.0,2522.0,482.7,315.0,30.0,29.84,1.40055129014164,1597973.0,46122.0,540188.0,20364.0,7623.0
42795.0,2734.0,648.8,383.0,31.0,38.65,1.39444910162136,1764911.0,52612.0,902760.0,24828.0,8089.0
47850.0,2894.0,778.8,460.0,27.0,38.16,1.41525948985458,2018528.0,58354.0,1562007.0,24312.0,9724.0
52321.0,3017.0,963.4,561.0,27.0,45.67,1.57152737084748,2470012.0,61520.0,572366.0,38914.0,11064.0
58502.0,3071.0,1349.4,678.0,37.0,51.62,1.70334244802456,3021830.0,68055.0,1471870.0,42738.0,13154.0
63442.0,3059.0,1643.6,712.0,31.0,59.31,1.87714784195199,3646309.0,79149.0,513581.0,34780.0,13843.0
65933.0,3084.0,1935.2,696.0,30.0,68.59,2.01446531707458,4102094.0,91973.0,1883529.0,45688.0,15391.0
75828.0,3081.0,2245.7,747.0,31.0,79.23,1.98922297387461,4695714.0,97602.0,566518.0,43872.0,17162.0
78170.0,3258.0,2318.2,813.0,30.98854365541261,82.87,2.10694246522088,5267944.0,105712.0,1177865.0,55377.0,19608.0
86879.0,3438.0,2368.8,866.0,30.985653731364323,92.64,2.16477020147702,6038410.0,123446.0,1845180.0,76206.0,20883.0
90663.0,3605.0,2612.1,915.0,30.98473417032074,98.89,2.35726629819081,6866481.0,128878.0,5594685.0,66467.0,25989.0
94147.0,4012.0,2744.5,910.0,30.98392382664983,102.54,2.47686576571197,7466710.0,142118.0,7184904.0,54136.0,25988.45876175684
5766.0,1006.4241107889584,1545.987975603778,92.11554298569173,177.98663743702403,5.2554,1.270190272,619233.0,61312.0,77524.0,3403.0,1708.0
6418.0,1006.4421916583791,1545.921153739218,92.1499407504036,177.97833818513857,6.1228,1.48921357,794211.0,57867.0,128686.0,4051.0,2493.0
8113.0,1006.3816091954,1545.98925451743,92.16731434252799,177.9746409893296,6.5548,1.222832672,780122.0,60117.0,165640.0,4430.0,3497.0
9060.0,1204.49054441261,1546.0,92.0,178.0,7.1804,1.307712411,965760.0,66382.0,190823.0,4606.0,5193.0
10546.0,1414.0,1546.0,106.0,173.0,8.3336,1.248470388,1078405.0,68584.0,259323.0,7138.0,6265.0
12893.0,1414.0,244.4,124.0,171.0,20.7763,1.32447526486631,1391401.0,78849.0,303878.0,9935.0,7682.0
15378.0,1500.0,308.8,874.0,165.0,25.815,1.27177664402602,1602595.0,86736.0,435313.0,13369.0,9554.0
17339.0,1637.0,391.0,830.0,161.0,28.64,1.51547421858659,2144590.0,85921.0,545977.0,20132.0,10058.0
21182.0,1732.0,507.7,830.0,171.0,34.71,1.53774890198004,2642695.3,83800.3,547393.0,32212.0,12715.0
26133.0,1790.0,767.8,727.0,171.0,45.75,1.39870345675114,2941009.0,82485.0,678330.0,28446.0,12119.0
29608.0,1904.0,979.1,813.0,170.0,59.4,1.46970150129017,3508589.0,98010.0,1112438.0,42218.0,13846.0
32454.0,2037.0,1316.3,841.0,169.0,69.51,1.5230711056835,3999702.0,109708.0,1485752.0,46171.0,16711.0
35128.0,2140.0,1775.7,911.0,172.0,81.76,1.57456583916969,4493285.0,119676.0,1990506.0,47120.0,19421.0
36775.0,2244.0,2200.4,999.0,171.0,96.69,1.67329193993299,5028761.0,116842.0,2823202.0,64953.0,21581.0
40003.0,2312.0,3117.9,1107.0,170.0,101.09,1.70465201578647,5614193.0,124614.0,2993006.0,62445.0,25119.0
44651.0,2314.0,3709.6,1174.0,169.0,106.57,1.72484100959919,6378500.0,144821.0,4058307.0,64006.0,26466.0
48883.0,2339.0,4702.8,1283.0,155.0,147.91,1.81198422838021,7370813.0,158847.0,9967010.0,87372.0,31281.0
55774.0,2409.0,5400.5,1422.0,160.0,184.95,1.86836035491814,8709515.0,170777.0,12119539.0,82066.0,35342.0
58126.0,2546.0,5864.0,1576.0,159.99077128897537,181.7,2.17142289227132,10552846.0,189829.0,12445928.0,108386.0,40755.0
64326.0,2754.0,6284.7,1766.0,159.98959413890415,273.12,2.25534421029957,12145209.0,197143.0,13886947.0,146936.0,44253.0
67777.0,2925.0,6708.5,1907.0,159.98744771088985,229.12,2.14100067313013,12150136.0,227141.0,16435301.0,135507.0,54451.0
71835.0,3278.0,6732.5,2020.0,159.98865800779413,244.12,2.25800285700507,13578026.0,250058.0,19421478.0,113073.0,54447.79146057828
3153.0,745.3643562975983,2780.9580746559086,51.947786579762216,83.98934785332398,1.9404,0.512404645,60722.0,8960.0,13484.0,615.0,139.0
3603.0,745.4215686239631,2780.916483426783,51.96775580518714,83.98246044288219,2.3103,0.552834528,78853.0,8623.0,17892.0,723.0,176.0
4215.0,745.214470284238,2780.8837011445553,51.97196674627486,83.98129359329006,2.5887,0.517177256,86772.0,7793.0,13533.0,737.0,167.0
5052.0,837.543545081967,2781.0,52.0,84.0,3.3615,0.557582893,110349.0,9779.0,10488.0,925.0,241.0
5787.0,910.0,2855.0,45.0,83.0,4.3847,0.635902717,145113.0,10737.0,5361.0,1337.0,275.0
6915.0,910.0,69.6,46.0,81.0,9.9809,0.501236368941245,137434.0,11365.0,6560.0,1727.0,397.0
8824.0,904.0,96.5,135.0,76.0,12.9878,0.53150304922562,189298.0,11458.0,20356.0,1728.0,525.0
10309.0,969.0,125.8,151.0,75.0,14.27,0.675071817782185,264134.0,13093.0,17806.0,2084.0,581.0
13119.0,1043.0,163.6,150.0,75.0,16.66,0.651139030368349,299664.6,15087.4,77191.0,3086.0,799.0
16413.0,1109.0,228.9,119.0,73.0,21.68,0.636792684466769,363089.0,15886.0,136483.0,3386.0,767.0
19710.0,1254.0,427.0,135.0,79.0,28.98,0.608944572546044,417261.0,18732.0,96743.0,6059.0,803.0
22922.0,1392.0,466.8,149.0,78.0,34.27,0.589312321167409,471850.0,23888.0,183972.0,7915.0,1129.0
26437.0,1535.0,494.2,193.0,79.0,44.34,0.598717515666835,554795.0,23969.0,200392.0,10107.0,1244.0
29847.0,1690.0,580.6,226.0,81.0,58.68,0.593375329443488,623196.0,23537.0,259626.0,14115.0,1547.0
33246.0,1819.0,875.8,330.0,82.0,69.3,0.623268088849791,734006.0,24124.0,204437.0,10425.0,2149.0
37956.0,2005.0,1113.9,437.0,76.0,87.72,0.70809174917638,958815.0,28290.0,807409.0,12559.0,2494.0
41244.0,2129.0,1325.6,475.0,77.0,102.88,0.821361636313904,1216145.0,33357.0,1710975.0,19456.0,2986.0
46433.0,2254.0,1535.4,428.0,76.0,114.13,0.86279424234943,1446849.0,37757.0,2271758.0,24729.0,3884.0
46267.0,2453.0,1759.9,399.0,76.01587342669148,113.19,0.90712397680764,1617090.0,41496.0,2491150.0,34971.0,4735.0
50808.0,2654.0,1744.5,387.0,76.02447821854031,88.34,0.920795041457338,1803506.0,43084.0,2892651.0,39267.0,4795.0
52321.0,2593.0,2045.1,407.0,76.03078104023977,88.86,0.988561141802962,1993394.0,47156.0,3907245.0,29382.0,8338.0
54172.0,2641.0,2622.4,377.0,76.0356552476168,80.06,1.01073288290227,2113776.0,46990.0,4820184.0,22149.0,8337.659784770402
5179.0,799.191439697431,2.005115104878853,14.01835749372377,111.97955695708076,4.2161,0.438682626,97928.0,13938.0,179496.0,1128.0,496.0
5662.0,799.2036521292143,2.011973094101946,14.028076310750883,111.96292336212825,4.5658,0.430646083,110074.0,12943.0,228718.0,1213.0,579.0
6733.0,799.147623400366,2.0201561379122115,14.035001242132333,111.9545965014146,3.9883,0.405790565,125061.0,14695.0,215555.0,1264.0,539.0
7835.0,904.038505096263,2.0,14.0,112.0,5.7536,0.613992957,213233.0,14798.0,159175.0,1381.0,800.0
8970.0,1042.0,1.7,14.0,110.0,6.3474,0.522090388,209187.0,16027.0,82747.0,1637.0,971.0
10540.0,1042.0,113.7,17.0,106.0,13.0596,0.545790087549643,258776.0,17819.0,97496.0,2139.0,1101.0
12587.0,1081.0,155.0,147.0,107.0,17.6695,0.544452681953297,309909.0,19754.0,50547.0,2021.0,1438.0
13539.0,1174.0,205.5,143.0,97.0,18.99,0.603434498966733,372304.0,21110.0,102469.0,2923.0,1849.0
15752.0,1298.0,247.1,144.0,105.0,21.43,0.611379838265381,441671.8,22551.5,108827.0,3823.0,2621.0
19265.0,1391.0,325.9,104.0,105.0,28.3,0.630596461084524,560797.0,25092.0,117144.0,4199.0,2425.0
22195.0,1520.0,443.8,123.0,103.0,32.67,0.666909162158676,687548.0,27817.0,454779.0,5853.0,3064.0
25083.0,1566.0,663.7,136.0,101.0,42.59,0.681151036907544,798371.0,28483.0,420003.0,6804.0,3946.0
27264.0,1662.0,736.9,148.0,110.0,43.15,0.670561445976812,859297.0,30523.0,479233.0,8124.0,4538.0
28806.0,1731.0,741.3,177.0,110.0,48.56,0.802963763577369,1093570.0,39535.0,518364.0,11658.0,4564.0
31093.0,1819.0,1151.1,213.0,114.0,46.86,0.897740258932327,1327616.0,41116.0,582559.0,12032.0,5119.0
34221.0,1889.0,1674.4,220.0,118.0,53.42,0.963343457695676,1577604.0,46576.0,847625.0,14230.0,5250.0
37136.0,1999.0,1661.8,254.0,115.0,54.94,1.04746011435525,1872976.0,49667.0,894879.0,20340.0,5913.0
47944.0,2166.0,1962.6,256.0,112.0,59.0,0.947500726626837,2200452.0,57157.0,827040.0,22324.0,6981.0
51975.0,2401.0,2091.1,279.0,111.997656581268,64.94,1.00312863195756,2459862.0,60369.0,499498.0,28943.0,8165.0
57686.0,2648.0,2218.0,286.0,111.99372683219518,61.85,1.03857250209969,2819392.0,58880.0,1060953.0,41167.0,9085.0
61716.0,2871.0,2431.9,318.0,111.98968655710573,58.97,1.08283841377071,3135272.0,64555.0,2189452.0,39497.0,12333.0
64107.0,3184.0,3142.2,333.0,111.98596454991059,61.33,1.15497833190656,3467372.0,75858.0,2688786.0,32718.0,12332.348928778358
5523.0,2114.4653850664445,2799.8078097524244,74.05218614418727,123.00128624921021,2.6262,2.982126368,607149.0,60533.0,151554.0,1524.0,3173.0
6480.0,2114.6342143434417,2799.7362989117432,74.08166580589132,123.00173620060336,2.8706,2.627463559,679914.0,54239.0,168022.0,1609.0,3793.0
7757.0,2114.16802168022,2799.743265503503,74.09727711523055,123.00192346015679,3.3044,2.628773326,834788.0,49020.0,139129.0,2007.0,4494.0
9899.0,2349.25775978408,2800.0,74.0,123.0,4.3788,2.515091167,924462.0,53656.0,188977.0,1894.0,7682.0
12138.0,2549.0,1271.0,84.0,124.0,6.5049,2.240531065,1013558.0,59458.0,179485.0,2473.0,8734.0
14607.0,2549.0,134.8,89.0,121.0,13.2972,2.2267705125883,1217106.0,65072.0,301710.0,3451.0,10056.0
18246.0,2683.0,183.0,328.0,121.0,17.1448,1.95872626999773,1432726.0,64752.0,438300.0,4392.0,12761.0
21688.0,2880.0,238.4,359.0,116.0,20.84,2.31959533893119,1895063.0,68040.0,698074.0,6087.0,13546.0
27133.0,3045.0,273.9,381.0,116.0,25.25,2.14851236926432,2175042.2,73217.8,1024140.0,10034.0,17947.0
33464.0,3208.0,484.9,325.0,114.0,29.01,1.99287740862991,2493548.0,73501.0,2153664.0,11662.0,17320.0
38564.0,3378.0,621.2,379.0,111.0,34.94,1.98706142657095,2872035.0,82428.0,3348153.0,14908.0,18496.0
42692.0,3525.0,803.6,402.0,111.0,38.02,2.13612286782161,3427454.0,93494.0,5332787.0,20836.0,21948.0
46929.0,3612.0,940.9,435.0,113.0,44.86,2.07334224988892,3667730.0,97138.0,6400198.0,22820.0,24683.0
47626.0,3652.0,1070.4,475.0,111.0,57.28,2.18164329320059,3931727.0,92618.0,7218211.0,33350.0,28572.0
51015.0,3628.0,1539.3,525.0,106.0,62.01,2.1627024076282,4195554.0,94755.0,8027887.0,48455.0,34595.0
57266.0,3540.0,2083.1,558.0,104.0,79.34,2.1048463363991,4609363.0,98188.0,9209395.0,34554.0,36347.0
63477.0,3582.0,1993.2,597.0,101.0,87.22,2.17862807263347,5324201.0,96710.0,11252908.0,41479.0,42318.0
66649.0,3562.0,2239.6,683.0,103.0,71.38,2.26639610408492,5845754.0,115319.0,14673473.0,44101.0,46092.0
66292.0,3812.0,2322.7,749.0,102.99918483559952,56.45,2.41514926746992,6323310.0,118807.0,17587198.0,60524.0,50391.0
75360.0,4132.0,2576.5,787.0,102.99813164563784,93.0,2.3509972819704,7006207.0,125281.0,23434411.0,86272.0,54117.0
82864.0,4279.0,2943.8,825.0,102.99778314827464,109.78,2.34814708583669,7695512.0,142503.0,30487345.0,79375.0,66050.0
85448.0,4624.0,3277.1,882.0,102.99735730482887,133.68,2.50412033350993,8460446.0,158261.0,41184641.0,71562.0,66046.39660602155
4493.0,1089.4384944664723,354.9708737722607,17.067859223334256,106.99980937194155,1.4925,0.943612615,109594.0,14693.0,54644.0,397.0,1111.0
5022.0,1089.5116582112712,354.9698016404622,17.083537762578395,106.98583130102881,1.2759,0.912267918,127702.0,16888.0,77581.0,474.0,1324.0
5970.0,1089.32769880907,354.9458580906417,17.10010037796397,106.975440677666,2.0109,0.852513192,143946.0,14420.0,119608.0,514.0,1681.0
7477.0,1211.08438335242,355.0,17.0,107.0,2.3136,1.014157334,196136.0,16795.0,172736.0,547.0,2614.0
8757.0,1427.0,340.0,20.0,102.0,3.143,1.052092942,239530.0,16696.0,214534.0,832.0,2501.0
10346.0,1427.0,62.2,17.0,106.0,7.3129,0.951820603907638,257220.0,18769.0,262107.0,1025.0,2871.0
12110.0,1548.0,84.3,71.0,106.0,9.4743,1.0042061121251,318014.0,20118.0,297560.0,1047.0,3658.0
12872.0,1687.0,108.4,80.0,104.0,10.18,1.09994214124621,372612.0,21158.0,356287.0,1274.0,3793.0
16113.0,1806.0,121.4,81.0,107.0,10.89,1.01773851847358,419384.6,21661.0,430845.0,1868.0,4277.0
19595.0,1882.0,172.4,59.0,109.0,13.22,0.966584136229003,485261.0,21332.0,526386.0,2383.0,4537.0
21978.0,2041.0,251.4,87.0,107.0,16.19,1.07033733319175,604762.0,24290.0,730619.0,3662.0,4646.0
24296.0,2145.0,430.8,107.0,107.0,19.76,1.06763390613608,669194.0,25047.0,999936.0,4737.0,5697.0
26433.0,2193.0,460.3,117.0,107.0,21.16,1.12441017900135,768739.0,27122.0,1145162.0,5097.0,6582.0
26165.0,2219.0,473.2,124.0,108.0,29.85,1.21820915656405,827203.0,25859.0,1296958.0,6912.0,6938.0
27643.0,2194.0,820.5,121.0,106.0,26.23,1.20806291898889,869850.0,25759.0,1506615.0,7975.0,7355.0
28497.0,2189.0,946.0,121.0,106.0,25.83,1.18509631496401,884070.0,23738.0,1629587.0,9672.0,7437.0
31336.0,2217.0,1099.9,119.0,104.0,25.74,1.17696915015274,970537.0,22214.0,1808778.0,13958.0,8331.0
32995.0,2258.0,1128.0,109.0,98.0,29.39,1.26451945906886,1102446.0,25956.0,1964171.0,14894.0,9469.0
35995.0,2396.0,1405.7,119.0,98.01943735880853,32.07,1.21601472822651,1096444.0,26814.0,2331559.0,20991.0,11076.0
41046.0,2627.0,1460.6,140.0,98.03530735613008,34.95,1.26394228422481,1294694.0,33255.0,2803921.0,26056.0,12226.0
44968.0,2999.0,1622.6,170.0,98.04689710785235,47.69,1.28686437651764,1441494.0,34325.0,3358410.0,22490.0,15663.0
47867.0,3376.0,1958.6,211.0,98.05629235315855,58.6,1.31702489927342,1562492.0,41886.0,4648103.0,20903.0,15662.43122498996
6426.0,891.1855340519854,3.008644932165452,4.006779561027247,20.00140777871015,0.591,0.610448243,20823.0,2037.0,12373.0,85.0,19.0
7277.0,891.2341969075541,3.0118411868276005,4.011748471383804,20.00260937910316,0.749,0.616863147,24070.0,2265.0,8291.0,90.0,23.0
8606.0,891.104868913858,3.0135091129093556,4.014977214491567,20.003521298524383,0.5984,0.651448187,30364.0,2649.0,12793.0,70.0,41.0
10045.0,905.102040816327,3.0,4.0,20.0,0.8249,0.543951999,29554.0,2590.0,11812.0,79.0,72.0
11762.0,935.0,3.013065502701566,4.0,20.0,0.8896,0.520776832,33412.0,2610.0,24665.0,97.0,73.0
14257.0,935.0,15.4,4.0,21.0,2.5239,0.486121922895318,38093.0,2915.0,53017.0,222.0,86.0
17389.0,930.0,19.7,24.0,21.0,3.9664,0.383774125778013,39092.0,2501.0,77033.0,228.0,110.0
19454.0,1033.0,25.6,28.0,22.0,4.78,0.70230377241577,75938.0,4603.0,84967.0,368.0,122.0
24115.0,1080.0,32.8,28.0,25.0,4.08,0.736342498315351,99437.9,4858.4,114051.0,264.0,148.0
29522.0,1119.0,51.6,26.0,25.0,3.76,0.752831589281866,125756.0,5006.0,168443.0,538.0,128.0
33181.0,1082.0,62.0,27.0,25.0,7.18,0.693029986163482,131228.0,5181.0,192989.0,527.0,193.0
36510.0,1133.0,105.6,28.0,25.0,8.39,0.654629827943171,137541.0,4767.0,268863.0,502.0,214.0
39671.0,1162.0,117.8,36.0,24.0,10.39,0.621863223520831,143235.0,4731.0,291001.0,619.0,250.0
41252.0,1220.0,134.2,41.0,23.0,11.22,0.479274322004096,115843.0,4008.0,468849.0,1217.0,309.0
43531.0,1275.0,208.1,45.0,25.0,10.9,0.544130395064704,139977.0,4166.0,569190.0,1357.0,467.0
44047.0,1319.0,262.2,45.0,25.0,11.94,0.682364191204764,179109.0,5656.0,677186.0,1580.0,551.0
47689.0,1391.0,310.5,44.0,25.0,12.8,0.603619953720993,172951.0,4301.0,793553.0,2668.0,640.0
48981.0,1426.0,355.4,37.0,22.0,10.37,0.693470894654327,205680.0,5476.0,90969.0,3046.0,750.0
50819.0,1486.0,382.3,37.0,22.003034734726057,10.56,0.70911734177889,213155.0,4423.0,105626.0,4693.0,1255.0
56398.0,1499.0,412.8,42.0,22.005400911159803,12.19,0.800050797824658,267745.0,5204.0,141042.0,6591.0,1256.0
60724.0,1613.0,438.3,48.0,22.00741839669726,9.45,0.798939087559901,288425.0,5329.0,160342.0,5276.0,1658.0
63903.0,1813.0,463.0,47.0,22.00911947875815,11.86,0.79785475507357,303113.0,6003.0,193042.0,3987.0,1657.9169164386642
5804.0,1163.367034387961,81.0330537961449,5.989112475859761,26.99986896376549,0.7832,0.592353013,19505.0,2975.0,8496.0,216.0,12.0
6691.0,1163.40730171731,81.05214264457943,5.9841090118801565,26.999746137323655,0.75,0.535027843,23828.0,2718.0,10047.0,338.0,18.0
7880.0,1163.25862068966,81.0521463990117,5.981077181465069,26.999642804766747,0.8147,0.568043041,30513.0,3515.0,12827.0,293.0,9.0
10239.0,1278.11224489796,81.0,6.0,27.0,1.2658,0.522702524,31681.0,4046.0,14131.0,214.0,39.0
11847.0,1511.0,113.0,4.0,27.0,1.0802,0.699940908,49749.0,4412.0,5349.0,290.0,57.0
14649.0,1511.0,18.6,4.0,28.0,4.7857,0.840350877192982,74724.0,5565.0,6641.0,296.0,50.0
17892.0,1518.0,24.9,17.0,22.0,4.3265,0.627035018938135,75490.0,5153.0,8898.0,606.0,79.0
21777.0,1610.0,31.5,20.0,22.0,4.4,0.771604436529694,104422.0,6920.0,8982.0,910.0,81.0
26860.0,1721.0,38.9,16.0,22.0,5.97,0.681213860858758,115101.3,6377.7,9972.0,1081.0,155.0
33043.0,1868.0,56.6,14.0,22.0,7.87,0.728676012386964,153183.0,7358.0,39447.0,613.0,184.0
36394.0,1912.0,79.0,19.0,21.0,9.61,0.778647668592955,182304.0,8073.0,29135.0,844.0,227.0
39420.0,2107.0,122.1,19.0,21.0,10.69,0.814959494124894,209042.0,8234.0,14289.0,1211.0,350.0
41834.0,2195.0,150.3,24.0,21.0,11.66,0.866901638748592,238580.0,9500.0,31823.0,1424.0,345.0
43805.0,2255.0,180.3,31.0,21.0,17.25,0.875213358197935,254842.0,9247.0,35202.0,1865.0,454.0
47194.0,2244.0,200.8,32.0,21.0,18.26,0.944486348817613,299269.0,9004.0,40526.0,2677.0,566.0
50765.0,2225.0,307.1,37.0,20.0,25.55,1.13068162018376,389357.0,9859.0,66679.0,4244.0,599.0
54094.0,2278.0,415.0,43.0,18.0,34.02,1.2301507619063,455793.0,11077.0,121058.0,5658.0,798.0
54217.0,2379.0,498.2,49.0,18.0,31.26,1.45405871179785,545051.0,12016.0,149033.0,5555.0,1112.0
54528.0,2581.0,520.0,46.0,18.00012985463284,27.91,1.52121513563148,596400.0,12169.0,168054.0,7710.0,1482.0
62549.0,2691.0,550.0,57.0,18.000201755268378,29.0,1.5576366008447,704410.0,15930.0,250947.0,12885.0,1689.0
69781.0,2749.0,596.6,60.0,18.000264197496268,25.56,1.56579414549471,793795.0,16282.0,340474.0,12452.0,2546.0
72957.0,3338.0,707.9,64.0,18.000307757516364,28.06,1.60862652869238,854985.0,18046.0,402960.0,10363.0,2545.82880991618
8382.0,1307.345307010693,2955.9536177862783,2.0175438393282783,110.99537522389559,2.0758,0.220124133,35182.0,5317.0,100699.0,627.0,83.0
9700.0,1307.3607847478133,2955.909575278652,2.0213053142991178,110.99240794111344,2.2852,0.201219286,37957.0,5335.0,120395.0,752.0,150.0
11199.0,1307.29058945191,2955.8681628100762,2.0317379957732906,110.99120593897014,2.6181,0.272211635,60134.0,6141.0,133371.0,792.0,148.0
13108.0,1328.97096281202,2956.0,2.0,111.0,3.5699,0.246091875,64087.0,6986.0,80029.0,921.0,275.0
15000.0,1416.0,2956.4,2.0,109.0,4.2345,0.278334198,84760.0,7408.0,76084.0,1187.0,257.0
16999.0,1416.0,73.1,2.0,109.0,12.8401,0.284315784693287,100169.0,8863.0,71724.0,1534.0,341.0
19893.0,1414.0,107.7,32.0,109.0,14.8358,0.382751523351684,160113.0,8810.0,73963.0,1493.0,510.0
19942.0,1414.0,154.6,31.0,110.0,16.14,0.509797640897347,218043.0,12655.0,12078.0,1866.0,586.0
25034.0,1430.0,175.1,34.0,109.0,20.19,0.49020114133963,266545.4,14381.7,45188.0,2562.0,865.0
30087.0,1467.0,256.7,23.0,111.0,26.43,0.499286692233796,330031.0,15451.0,43783.0,2642.0,932.0
33796.0,1521.0,319.1,25.0,112.0,33.01,0.529343891191703,397289.0,15671.0,53853.0,3439.0,1109.0
37181.0,1596.0,548.1,28.0,111.0,39.85,0.543761901572204,454598.0,15822.0,29953.0,4998.0,1471.0
40648.0,1681.0,628.6,34.0,109.0,40.34,0.530100954767692,491587.0,15662.0,28223.0,5238.0,1848.0
40036.0,1749.0,734.3,42.0,108.0,41.64,0.5576634351407,520010.0,16949.0,30322.0,8761.0,2223.0
40564.0,1759.0,1023.8,48.0,106.0,44.98,0.586858658818409,566301.0,16945.0,42755.0,7116.0,2584.0
44941.0,1780.0,1323.9,45.0,104.0,42.81,0.523360681347846,569519.0,15212.0,57554.0,8094.0,2725.0
49475.0,1863.0,1407.4,52.0,102.0,42.25,0.527199592100388,643135.0,15022.0,39215.0,9658.0,2951.0
54280.0,1954.0,1678.6,54.0,102.0,40.81,0.47144797681272,641033.0,13820.0,78214.0,8652.0,3379.0
53593.0,2106.0,1819.0,74.0,102.00202378942508,41.25,0.446210132501497,615662.0,14109.0,151123.0,12763.0,4078.0
61725.0,2331.0,1943.8,82.0,102.00331613114191,42.86,0.489950949723467,783118.0,19244.0,188537.0,21178.0,4929.0
68552.0,2526.0,2251.6,80.0,102.00462625779812,53.53,0.51284235089875,909849.0,21838.0,311791.0,20528.0,6956.0
73774.0,2956.0,2627.9,90.0,102.00593820966893,64.27,0.603986217642046,1155178.0,29996.0,735844.0,19124.0,6955.774688973216
