0,1,2,3,4,5,6
14.6119631090263,852.090602637649,1.02641131555889,99.1481340775592,3.136864829819113,0.851865922440749,0.556485835531598
10.6955533394244,674.161436530733,2.85016286644951,96.0602710733807,3.13720904963695,0.802519876982384,0.588884547763235
9.8769363791772,639.726052261612,3.06284805091488,96.3626013336879,2.90511615022135,0.732282516090741,0.57096001009209
12.1490319198526,667.002502065693,3.125,96.458101195989,2.45833719775337,1.08356160625762,0.529340697273041
12.3764338752878,690.136945572457,3.60062281043207,95.5983084820211,3.64408382031644,0.757607697662426,0.536544226222358
13.7521222410866,762.512455587962,3.3982365907421,80.7088675837445,18.592803189158,0.698329227107326,0.526826745180735
13.4375168690958,1299.44441271255,3.64720322637209,46.3822572959497,53.2120560028866,0.405686701087897,0.523199949068569
13.1953101407633,1783.40212449899,3.66542870983368,40.6081285208382,59.0700095271341,0.321861952043982,0.54516933783473
13.2043747936385,1551.14620103475,3.92824002474482,47.0779901504763,52.4805472042907,0.441462645233061,0.547868426032446
13.6316732843422,1352.34282943626,3.96559265199009,52.1710145166245,47.4554741359169,0.373511347458645,0.528793270570479
14.1890108169178,1326.94156403459,4.58600501812099,53.9630082614824,45.6479113795921,0.389080358925567,0.509086215615066
14.471738247517,1218.30367948408,5.06533746463694,58.7354684420197,40.8459539943506,0.418577563629733,0.52237223231381
15.7411127461988,1467.6533449472,5.17264188384707,49.1103314020478,50.5040460912231,0.385622506729005,0.535994125610042
17.059960659738,1397.35411362966,5.55769972983404,58.1887820823423,41.3746785738752,0.436539343782571,0.45545643331026
16.6379616293969,1271.13992566168,5.96336070751737,61.9534625825522,37.4829415843351,0.563595833112671,0.460515183633422
16.6174548294589,1261.39691892969,6.38271451632932,60.4568588695233,38.9847755497141,0.558365580762602,0.482740863095651
19.6283111004691,1138.53254520616,6.639814475772,65.9252687492374,33.5552279929099,0.519503257852687,0.448677273601108
18.5030623715059,1100.59064868447,6.91267534437002,63.6892777419579,35.7773193969581,0.533402861084068,0.449401183077744
19.9098678625194,1181.12044717063,8.7173942424652,63.8792386564625,35.5806766466251,0.540084696912348,0.44825650143342
18.8819854182808,1127.86618193377,8.26859776168532,63.5804795907943,35.8631418939151,0.556378515290611,0.445740619751028
19.6984443979823,1140.39717958516,8.17828938562441,66.6868297953976,32.7318597011233,0.581310503479099,0.447424584501219
19.7965297630065,1139.8832796631286,7.75542615140286,66.61857854998478,32.79162398832821,0.5805010807970398,0.447360711830843
3.56286199028842,273.126913551356,1.01711734061027,98.8402915246855,9.283116273700095,1.15970847531447,0.834600067588611
4.15123175447919,339.136472422741,2.72251308900524,89.8293957250567,9.30923340165434,0.861370873288925,0.933200413528282
4.16976055699669,322.147111672565,2.63022176379577,92.6591764036759,6.53259361997226,0.80822997635179,0.806754064423743
58.3954002845073,310.33448542576,2.62751159196291,94.2299731851618,4.98013505894123,0.789891755896955,0.775368196371398
4.28684491242559,309.216475689068,2.66666666666667,90.9171976695964,8.30248953759159,0.780312792812042,0.791864545560884
5.70588468240139,472.552653730398,2.5974025974026,61.9543467252961,37.4133290747741,0.632324200035736,0.793954674007865
5.36611792511099,295.990498406759,2.74177467597208,88.7148390580218,10.4020935452196,0.88306739662543,0.772452924204554
6.13147031647799,384.404332313194,3.0738720872583,86.5982750555652,12.8784987908072,0.523226153629323,0.80306053599345
6.21163732077542,373.359199346086,3.25717063684978,87.9007978137285,11.477809326671,0.621392859600521,0.834832492386018
6.69038000297154,320.929171294953,2.60999254287845,92.3481248532587,7.06838225811252,0.58349288862875,0.905486523783882
7.76794882533419,323.655563724806,2.6634382566586,92.7126006667344,6.71670689182532,0.570692441440284,0.906524114027
8.3648337944741,332.920162336397,2.57936507936508,91.917420062557,7.50399864886219,0.578581288580795,0.902288229736604
9.04359592113655,341.076802656335,2.74018944519621,89.4861216933121,9.92151326291817,0.592365043769765,0.937269122499016
9.69410800093602,367.415000674197,3.01899592944369,89.1057802649374,10.2386633681869,0.655556366875721,0.923455125283443
10.0281291042577,361.388261592283,4.23076923076923,91.003996243562,8.1768125045447,0.819191251893304,0.956331237238929
10.5220227945263,368.498462736109,5.38720538720539,91.4998768168058,7.67352298668627,0.826600196507917,1.0213869643361
9.77371177757788,369.390695409375,7.38461538461538,93.6486432417698,5.54541050467566,0.805946253554566,1.10011015657856
13.526815973591,537.11603853582,6.34743875278397,89.6691168463106,9.51524195661486,0.815641197074569,1.13691906389613
14.6035886799875,588.674236157609,7.75558166862515,88.0554894509277,11.1339666270602,0.810543922012166,1.13807058134427
13.7190187957948,572.78751194648,7.02028081123245,85.6041335276254,13.6617092514933,0.734157220881211,1.14347177359943
13.4710292864456,578.560629747476,6.49404027949034,87.9328936208631,11.3569181810128,0.71018819812408,1.04955610578378
13.4418335095864,578.1367010579374,6.3013698630137,87.94578212729755,11.34914823788628,0.7105650776470672,1.0497553251483869
3.00937684257978,199.990526792029,0.534617202268431,99.0802386054777,5.6414097427347505,0.919761394522266,0.735599806008861
2.96245353106141,215.341070811944,3.56570512820513,93.2492327758686,5.62955319174632,1.12121403238511,0.710415425738773
2.73177763124836,195.051093289044,3.58227079538555,94.4644650879823,4.29337476286171,1.24216014915598,0.664129692505521
2.09159765493839,179.661770721595,3.65213882163035,95.7562910548354,3.04572781626178,1.19798112890288,0.595203851466526
2.39888237397763,182.543096609645,3.81085395051876,94.694650911826,4.1149976204246,1.19035146774935,0.590113017972745
2.57646157773806,195.632527072468,3.83149448345035,85.6098188827857,13.1513731016712,1.23880801549686,0.586314483345631
2.61685476552854,182.492740087572,3.91217564870259,93.6030146587819,4.75228457097387,1.64470076996284,0.532748659265776
3.04992956389958,229.230670477411,4.41264162194395,90.5781068506145,7.90050241011422,1.52139073942532,0.590341919084187
3.01761377956347,227.754574081139,4.50346420323326,90.8945666266083,7.49850480722239,1.60692856616933,0.607101556189471
3.04298133119267,212.551313930304,4.35722002160605,92.5186202576659,6.07491243762782,1.40646730470631,0.62053417314492
3.43804198004065,225.209623627611,3.83932892402,92.8581501459996,5.86170506410415,1.28014478989625,0.622292098936397
3.65193818965203,242.393894862482,3.78022650749923,93.1003956362665,5.67864352780263,1.22096083593085,0.619178846226977
4.58031042294404,268.270410911878,3.90124961901859,90.989359448532,7.82989713187574,1.18074341959228,0.640990311671694
4.96851148975831,305.212632913185,4.30391547545059,89.6276747337363,9.09379678221059,1.27852848405308,0.666464326882986
5.39820925493718,318.67672577092,4.67479674796748,90.8654959156001,7.67143706728678,1.46306701711313,0.672851370752594
6.03663182848703,335.031919972531,5.01557632398754,91.0508466902229,7.44479493053733,1.50435837923976,0.716531819828523
6.1674072424339,337.191056884605,6.28747955660549,93.6016374437186,4.92366340230438,1.47469915397698,0.724381051794715
6.88267493758639,384.928322620563,6.26736111111111,93.4915861524294,5.03631984195045,1.47209400562018,0.73332601581955
7.17971082299529,426.287179042442,6.59301496792587,91.6777980908136,6.96874340156583,1.35345850762054,0.749181657255313
6.7450168724453,427.931336698745,6.43109540636042,90.8214911184763,8.02488767090762,1.15362121061612,0.76345932783933
6.91945320317958,432.655344296962,6.54072357868473,92.5774420159963,6.30835085299955,1.11420713100419,0.692388213838676
6.86280979699209,432.54900886622255,5.80493960699477,92.53210274733561,6.322989375801288,1.1156766244514644,0.6923969844970144
4.73348731623661,338.192551324881,0.769067946094687,98.9852224112839,6.811714668114699,1.0147775887161,0.788144747502025
3.11078266899689,318.418481173145,3.27822919585318,92.1991557023092,6.8053077682867,0.99553652940413,0.76410571552439
2.25543698916662,300.68405121844,3.1767955801105,93.0603229116807,5.97027156391837,0.969405524400896,0.697886756805431
2.92114884005819,288.301766710053,3.35644937586685,95.2734648283806,3.71571575226791,1.01081941935147,0.605338964089943
2.90918119573954,335.724265340218,3.31053351573187,84.8277984360183,14.288489874607,0.883711689374714,0.563617291167493
2.79609652297522,407.380695335188,3.22408739674927,66.9022290386579,32.3255635492205,0.772207411989259,0.54531699347698
2.59397982338628,294.143127839899,3.41151385927505,87.6926871059327,11.0948886491416,1.2124242451511,0.47100704730425
4.91471547135144,406.108052705037,3.60290305857957,79.227172765814,19.8048773665713,0.96794986771179,0.502253201182756
4.87237062622407,380.180765711031,3.54969574036511,81.0907120946601,17.8649738850025,1.04431402033739,0.522015349226288
4.62129200759952,331.244888788037,3.36831828166951,86.6886006564078,12.3317306852791,0.979668658313053,0.536372483483501
5.28043405215792,348.851507038405,3.44036697247706,88.4334430855511,10.6562674606249,0.910289453823961,0.546894372013023
5.84237405413641,359.781197628358,3.4051724137931,91.0763646356711,8.01411718311823,0.909518181210657,0.571983652226082
7.03099716412425,388.605092352069,3.45056403450564,87.7208328796293,11.3407660137361,0.938401106634565,0.61461058615377
8.93385730925258,420.371264928731,3.54303883715648,87.9805711015474,10.9261513417768,1.09327755667576,0.648530798075513
9.25143347986768,441.026910265655,3.90153274500697,89.0015466724303,9.78128710528318,1.21716622228647,0.659446494500806
8.50086486583954,402.581460315988,4.04063205417607,88.6492166462394,10.0328179652286,1.31796538853201,0.687284289058142
6.42818961226915,390.822393241571,4.36824800375763,92.1913847994506,6.55364288546263,1.25497231508678,0.71466998151386
6.89511989418959,426.049176938781,4.71548401722965,91.6721106371024,7.1102504299921,1.21763893290552,0.732629364609561
6.84163148165668,463.159269269706,6.77812923633077,89.4581902000513,9.40061683131199,1.14119296863676,0.72101071414789
5.68388062080017,408.512186700428,6.14134116053285,87.8039701910586,11.1145822903541,1.08144751858724,0.730871000410776
5.29977459383994,395.909112180512,6.00045630846452,89.9001481362696,9.10210153741985,0.997750326310544,0.701267172442075
5.40971741211447,396.42878438159136,5.31278748850046,89.88665439120432,9.093665047333772,0.9976874086778535,0.7013500082220291
1.53490437119085,202.637360102865,0.762300762300762,99.0382317121752,12.230839668509393,0.96176828782481,0.959399664478647
1.16564365804436,197.713931618922,3.10965630114566,86.813873312213,12.2901384112355,0.895988276551409,0.926298181066362
1.00523828783948,179.918910120451,3.16742081447964,89.453637603126,9.53675984106619,1.00960255580777,0.8709985703036
1.73325974509376,168.135693291063,3.33333333333333,90.83469596828,8.23596409666846,0.929339935051551,0.785832207714243
1.83262791454832,173.466027198277,3.42126957955482,88.0133644705766,11.1209768528043,0.865658676619035,0.795040352956477
2.26247389642627,232.764382363178,3.36713995943205,61.9917910241196,37.3187736703531,0.689435305381445,0.76274854293771
1.96381911913561,140.136957557496,3.51307189542484,91.9241504020437,6.88869661320303,1.18715298455382,0.715337573308842
2.98862965529632,177.999850322117,3.66151342554923,85.3601077000371,13.6518079029596,0.988084397060299,0.758912569111334
2.9681288553804,188.351439342015,3.97271268057785,82.7776812445927,16.2418953820849,0.980423373322331,0.770474642196622
3.1160427524464,172.484380092313,3.84908536585366,87.9802006980627,11.0920905745391,0.927708727398253,0.80635989562092
3.1611565824422,178.096454915375,3.84047267355982,88.6247978007796,10.4992619176,0.875940281620422,0.833214973462279
3.34474388054452,188.400273758078,3.55497037524687,89.3043855292513,9.82941923073891,0.866195240009775,0.855404471378265
4.07513932040119,200.994361906091,3.68159203980099,87.7915831865315,11.3293695901233,0.879047223345246,0.924829564079364
4.65019507601992,230.992374734389,3.78813275226282,86.0329977290969,13.006856875926,0.960145394977125,0.950042289941157
5.47293980064099,255.323006823661,3.95634379263301,87.9419365278887,11.0061723820633,1.05189109004799,0.915878819485956
6.83297496739916,321.911431324517,3.9307128580946,86.1885063824482,12.7116112270566,1.09988239049521,0.933900409349609
4.89900643291022,292.640558683388,4.29515418502203,90.0040260680494,8.6924924009695,1.30348153098106,0.950890345963615
5.08280886075435,306.462327153533,5.16197935208259,88.9507320579823,9.66575873479998,1.38350920721775,0.976192912962998
5.12044479723868,319.531999755758,7.64966740576497,87.24372266324,11.4222272219055,1.3340501148545,0.93062603997908
4.37940548498113,304.584287956635,7.91931266342921,84.2839727842904,14.6821464964167,1.0338807192929,0.904896909920022
4.23902999317748,289.759873222043,6.85499058380414,88.4862273418124,10.5197682474439,0.994004410743688,0.83155364422422
4.38949120883583,290.0267620574991,6.10346110904354,88.4246729476366,10.5098006160364,0.9942402480437266,0.8317511441644659
2.5132735580464,273.545221702313,0.966340933767644,98.9759354886241,9.165470761208343,1.02406451137589,0.8017532522952
2.42197469737811,317.459442169482,3.75849660135946,89.8731765887562,9.164902970933,0.961920440310816,0.801171620285648
2.39373501199041,304.38309352518,3.64106645443693,92.3586449771622,6.62946046077395,1.01189456206385,0.755233434087272
2.65600867023515,271.231650353789,3.66123516395091,94.8576552837849,4.1084161143711,1.03392860184404,0.660975826018266
2.70377196348562,276.823313858277,3.75502008032128,91.2331204162231,7.77310153248776,0.9937780512891,0.665172367098802
2.70994031835653,294.253558555412,3.77396569122099,81.5149074903365,17.7883217812958,0.696770728410752,0.686503380533231
2.52857282907222,246.058476776666,3.8371182458888,92.5468375598582,6.47584052577816,0.97732191421832,0.657578016828203
3.68250036647518,292.616746252586,4.04317958783121,88.8999849263742,10.3238750145969,0.776140059063806,0.694703889752517
3.46351329313598,285.170612988811,3.89886122370199,90.5847111155357,8.55310117601104,0.862187708453224,0.699362013044873
3.39938002492498,257.978737284437,3.57142857142857,93.5888563966337,5.75495429381432,0.656189309551979,0.740529320186819
3.90144580126803,262.353263627813,3.74143978620344,94.5134663548996,4.86918700531499,0.6173466397854,0.745149137467071
4.19571122309358,269.514673540725,3.26512842838485,94.740569243654,4.64739900551178,0.612031750834221,0.754021005631945
5.17760067741239,284.516103565288,3.48767288033674,92.1787027011232,7.13655946310267,0.684737835774157,0.785294747104844
6.52083677781801,327.063283293255,3.94566623544631,89.6285915029858,9.61632742020998,0.75508107680424,0.75972611918422
8.22235907025248,449.890141997312,4.6395431834404,90.3007904853606,8.86157498990125,0.837634524738124,0.748379858007854
8.39232713236312,447.503250853082,4.40456769983687,91.1899917819421,7.90725326424144,0.9027549538165,0.760917251930911
7.33389030765919,436.950901330616,5.64194577352472,94.0201499516569,5.20881086898644,0.771039179356628,0.7622509150061
7.96958583991216,482.443490321946,5.70114022804561,93.4311758897639,5.80434939265575,0.764474717580389,0.790835287174825
8.37393330508988,514.966219337001,7.0260067114094,92.9356618653349,6.31433944909581,0.749998685569314,0.767914926163441
7.6257699181775,485.610768522446,7.03056768558952,91.9214258070989,7.34696534622717,0.731608846673897,0.759125651832274
7.37978471170074,483.245959461745,6.08519269776876,92.6266060090986,6.37247270052349,1.00092129037787,0.720669924126741
7.19875270611134,483.3893945905416,5.60659599528857,92.61420672464853,6.391467694536463,0.9996307949528723,0.720871902298135
1.0520364005485,280.029562089292,0.867342280653702,99.1891634074215,10.844307348962953,0.81083659257846,1.05784175319621
0.76631806707537,292.25755799976,3.28879753340185,88.2928691422894,10.8408214258631,0.86630943184754,0.992892163973425
0.689299521782441,259.052341280137,3.26544943820225,91.104698033048,7.97661616985919,0.918685797092848,0.936900158511933
2.31004869802529,227.031133037039,3.55097365406644,94.6055183389016,4.47321739257392,0.921264268524444,0.777531906722414
2.35665899436741,229.153567619155,3.34712297856337,91.8012287949174,7.27385753614268,0.924913668939907,0.773207645381737
2.38481348953297,234.976419846765,3.39565051507058,77.6176868965976,21.4418438277431,0.940469275810768,0.826379677563612
2.29065840867711,214.003338152223,3.47328244274809,82.3465211018615,16.4978817394291,1.15559715896151,0.760259833927633
2.48435514339687,239.537927336425,3.50546551074256,84.3464900747716,14.5932116980174,1.06029822696779,0.749541382633213
2.19346115063259,225.120621903692,3.69955156950673,87.0322167676019,11.7416467691753,1.22613646322282,0.750279050352742
1.96473971101815,205.705456516947,3.67038503058654,88.328045238737,10.6445710479811,1.02738371328193,0.751756034372662
2.04895789011696,204.613861518824,3.67775831873905,90.3937642195819,8.65434760005796,0.951888180360173,0.723546904146796
2.33425207950415,213.685825785389,3.2210401891253,92.6154507248498,6.42404308074323,0.960506194406973,0.725868103372991
3.36850890449564,239.370896766968,3.28947368421053,88.4412255188298,10.5600062952661,0.998768185904052,0.76818767661243
4.01951770338467,279.969813263477,3.53737311596432,86.3358531179367,12.568665025312,1.09548185675131,0.819362228240508
4.46341562449245,298.078880407125,3.66345855324433,87.1015462742573,11.6336091931894,1.26484453255331,0.813554434711908
4.74849326141404,297.804146400054,3.63363363363363,89.2187762257325,9.33953452421424,1.44168925005331,0.830086325696298
5.17956671544623,293.355985092825,4.36806301467956,92.8255653821714,5.75004013812036,1.4243944797082,0.861128113056134
7.14507428271262,418.255588471555,4.83231157591057,91.8245525614866,6.79027599041594,1.38517144809746,0.864643904450527
7.32041730699876,453.416855381876,6.78820791311094,89.5667626868452,9.16132823136564,1.27190908178913,0.835010001284569
7.28570888897284,455.570700011333,8.2842559874362,89.8985124647868,8.95549467917673,1.14599285603643,0.831516272456754
7.65405273063916,488.240960352558,8.37804374742055,92.563552207217,6.37445629153571,1.0619915012473,0.804548905314643
7.96233889085964,488.08107071204864,7.26806327490381,92.4878525442273,6.399786545923398,1.0624149128272267,0.8048013768919693
0.911605910111897,211.296031075484,0.725484168459883,98.9558507104238,8.471321935520779,1.04414928957618,0.836387493778562
0.923251343224725,247.412135850545,2.27052202600427,90.3501519151268,8.4672012750909,1.18264680978234,0.822452629252316
0.820106933860986,217.141203216436,2.23231924140656,92.8136369408784,5.94900300615287,1.23736005296878,0.75390195647395
6.54545454545454,2069.07917888563,2.34502446982055,94.3086020103295,4.37234370246066,1.3190542872099,0.59532638578096
1.09454022524197,192.248864903295,2.31621349446123,92.9628200828872,5.71595945231546,1.32122046479729,0.572767216005233
1.92073602264685,195.40018373673,2.28855721393035,86.8401307009747,12.0333012287363,1.12656807037057,0.565522284759131
1.86760993316391,180.299848226625,2.44159124394864,91.19595485275,7.12837373678946,1.67567141057226,0.506031396309557
2.64981949458484,221.812906742751,2.60072479215519,90.6307169610158,7.9077761556369,1.46150688350074,0.552829951065055
2.77944949173466,219.706807090639,2.93478260869565,89.1761908858972,9.31717098643929,1.50663812766346,0.57184197087634
2.78826895565093,197.78167223017,3.04590304590305,93.1388485140983,5.58411148291192,1.27704000298977,0.607717599400683
3.54312650548731,209.889946960102,3.12101910828025,93.2608374148535,5.54158800859512,1.19757457655134,0.620282092051727
3.83204256712645,225.290118216525,3.42026507054297,92.8173409391383,5.99660775500782,1.18605130585384,0.644084751877726
4.70411679204861,241.213999513278,3.52628077178975,91.5583361289453,7.04383951413964,1.39782435691507,0.710052926397298
5.61971986923607,288.902946696659,3.89850057670127,87.373050002601,11.268974848069,1.35797514932998,0.77671746819849
5.85489880794926,296.683042930335,4.40103553777359,88.6809300401858,9.81731478674165,1.50175517307251,0.807607123082144
5.86284827463044,303.657245193892,4.93055555555556,89.5887813617993,8.48241983166576,1.9287988065349,0.81804084720121
5.78549067879587,299.197145514931,5.78049401578813,93.5839112627289,4.57942741581297,1.83666132145812,0.797517126646944
7.31200615896355,390.148743671342,6.2070938215103,92.967762951024,5.23934422525452,1.79289282372147,0.771722710032546
7.68653502208271,429.160273022594,7.39570164348925,92.1889171559345,6.13218363040947,1.678899213656,0.714503995495182
7.47956879402118,425.857371364052,7.80848329048843,92.685503495114,5.74420843830196,1.570288066584,0.711234589844376
7.08886233570216,429.764794667002,6.98220879489762,93.8592473466019,4.70316915165891,1.43758350173918,0.653851608328499
7.21485277545187,429.342065904883,6.19082301529497,93.8308402631203,4.725359864580937,1.4388096830198203,0.6538642681692045
10.8096865085528,458.997071417478,1.69628432956381,99.0359320149601,20.970896759281423,0.964067985039908,0.751717932112025
9.33251471789885,581.491224532172,4.32622040339082,78.3182141869931,20.9369691900296,0.744816622977335,0.760351141388513
9.17847586958676,493.688806857596,4.0773180308064,81.8813228415053,17.3480993744497,0.770577784045018,0.702770901774496
7.37499153392221,477.67467976378,4.74189675870348,84.6625898754094,14.5744525146819,0.762957609908707,0.666127951401312
7.96035642177541,511.515892255437,5.14285714285714,77.120422708792,22.1119485049023,0.767628786305792,0.64068863554754
9.91955762848833,735.676804358081,4.6555948815682,51.5084428880399,47.9533177344221,0.538239377526003,0.639700374531835
10.2531226323503,489.692055350942,5.11664899257688,77.4320967810692,21.6969809478701,0.870922271048056,0.613969216862385
11.9913999647757,647.229717820483,5.37104307213285,69.3874862384965,29.9296311591801,0.682882602302368,0.628796989092112
11.3652701447864,649.622509172212,5.52303385085263,77.4289827283678,21.7784177368829,0.792599534749292,0.654419310657742
11.8641215814592,602.105889394963,4.74562638246531,82.5269137705512,16.8214851255053,0.651601103943488,0.639268606727886
12.141482490095,628.060294167197,5.00269929818247,82.4733338450883,16.8792356368908,0.647430518020941,0.644832330924668
13.0695042893938,654.531268227378,4.76729153199742,80.3536931168195,19.0653501529747,0.580956730205811,0.640488550359014
14.4282641072315,704.039893583167,4.62320850670365,73.4051641451512,26.0001430758204,0.594692779028436,0.648541162346403
16.5689823650812,874.310553287864,5.1789077212806,71.5423720164712,27.9453908002858,0.512237183242969,0.514522949944391
16.9129110159642,807.627441343003,5.36795157693533,74.9162344019213,24.4117952964891,0.671970301589548,0.542771760277257
17.401304933015,781.960265713533,5.42813455657492,74.9959724521152,24.3414599139902,0.662567633894624,0.597376795833604
18.0597413637202,733.63033573879,5.33791165912283,81.07824985952,18.335392149404,0.586357991076017,0.604995116102989
17.299291422533,710.664489250778,4.66415305124983,78.4283094868786,20.9373700357554,0.634320477365989,0.601135594483675
18.5171901816459,823.703779116489,5.87050805452292,75.4468734901333,23.9680801199229,0.585046389943802,0.543053191509838
18.4503493008199,830.181789151427,4.34782608695652,75.778107968612,23.6725030948771,0.549388936510959,0.546161230863027
19.3186093593235,835.772851870431,4.81927710843374,79.1626881940154,20.2759418791167,0.561369926867915,0.536363142798809
18.3124482461398,834.9843537097946,5.37368746139592,79.0812636716655,20.338134699251793,0.5618530734743831,0.5365915315146628
4.58598067110306,203.124603193265,0.596188954815153,98.684460332381,8.632804968373483,1.31553966761902,0.681607467638785
4.32191287058372,251.734848953658,3.53327855382087,90.1119431574968,8.66454852402576,1.22350831847739,0.744117285396236
4.21818763496761,237.426950865126,3.77389584706658,93.3672705999199,5.45664983932948,1.17607956075064,0.749343992846905
3.07238307714663,225.454422293433,3.53053435114504,94.7499353055372,4.19048085189281,1.05958384257002,0.713474138720517
3.34390078484348,227.324084734268,3.37062113629673,93.703825342733,5.27425551494498,1.021919142322,0.725359177901442
4.6699545280611,244.984618907858,3.25885868791803,86.587711704987,12.4978873461909,0.914400948822152,0.742416153684394
4.7873957700573,223.974825585711,3.32108535895986,93.8791132600651,5.00345605009136,1.11743068981129,0.711472811925793
4.63466377226306,269.060027137936,3.46596423124913,89.4487712935011,9.57212969319841,0.979099013311043,0.735056114563634
5.08363451672739,277.947340622245,3.48258706467662,87.699718136942,11.2905027243983,1.00977913865971,0.727441744932849
5.29443230509627,259.836364165785,3.31566621471712,90.3688014247568,8.69079075538096,0.940407819862242,0.741540602810959
5.80209633243566,273.774404706629,3.47815621615116,91.4217848306563,7.69895748963986,0.879257679703795,0.738257526266503
6.26027796676062,281.886472256145,1.95569746557573,91.4652468022079,7.66763745077996,0.867115747012169,0.732720127843723
7.25735431487554,291.505726373027,1.92211682476286,88.7661119771675,10.3464663407896,0.887421682042929,0.745813043689632
7.56304019117929,321.536473788293,2.14548031698988,82.8297000825317,16.2876571443736,0.882642773094791,0.731103612581462
7.76749399263041,333.898453357537,2.34421959527149,84.572516681323,14.3863579272415,1.04112539143548,0.740239805250807
7.90018511755477,329.462863294366,2.43918053777209,84.4029441696387,14.3777555020613,1.21930032829995,0.771703757785128
7.39442780094908,321.116038161723,2.73665625424419,88.1268794224821,10.7574635092885,1.1156570682294,0.816820520927369
7.55745772020742,340.271131063744,2.95729190122345,86.2137123975679,12.6800903670698,1.10619723536233,0.859997187216216
8.18328803498633,390.551385926924,2.8975791433892,83.394836707793,15.6043416961969,1.00082159601007,0.879757048623987
7.87527435413985,391.996421579833,3.07458143074581,82.5518723822657,16.5600299028705,0.888097714863853,0.921039219697546
7.88594318155924,402.781357730908,3.39049103663289,85.9818013824092,13.1457909733737,0.872407644217093,0.945813220538595
7.9789615214838,402.6146051968702,3.08067713893549,85.92081682010242,13.164316089045725,0.8732093691570115,0.9455413194789944
4.14648537711647,257.387121600821,0.656154090379934,98.9517041348756,3.9002775531332565,1.04829586512442,0.766077486449033
4.29643627730803,289.485956752279,4.65885947046843,99.0733829584046,3.8843117129611198,0.926617041595434,0.805587431490166
4.12003056135019,296.031917724725,4.09548839246605,95.2259418678936,3.93009833293073,0.843959799175673,0.839120584932554
5.0214320796559,295.231957612109,3.59630954622482,96.3889507842676,2.82133700067654,0.789712215055801,0.810786468755949
5.37798610259736,305.796216740532,3.32351015062214,95.0638761944329,4.18203157457416,0.754092230992937,0.830116628382399
5.9788801540326,325.881197469282,3.04484775761212,88.1838307758361,11.2120660435534,0.604103180630203,0.859098941450829
6.54717558703033,320.362995104528,3.02212628170534,94.7371661032518,4.55131983448598,0.711514062303611,0.835898165789207
8.2614227273617,403.246036906789,3.13306302985625,90.9697279930863,8.44985054280928,0.580421464079372,0.869478216554749
8.39244637261469,418.154800231294,3.168854685378,87.486828447052,11.9176513000059,0.595520252942125,0.861603995294255
8.44798004879505,387.845359596644,2.95269659536005,91.053104035225,8.36397888871196,0.582917076062992,0.87430768063529
7.96830723953875,398.479662533142,2.9810298102981,91.3519011101443,8.05456052946738,0.593538360388286,0.892472121690941
7.89403566659187,412.089093812394,3.39678984695782,89.830156059804,9.57273376431904,0.597110175876922,0.886161517141185
6.88880077006887,430.489211294244,3.29191983313685,87.0836199443323,12.308610542258,0.607769513409694,0.900546301893317
6.81550297074906,487.781917102565,3.50747646298689,79.7198253478281,19.7031545145932,0.577020137578699,0.846788003004598
6.45613163303659,474.133802709594,3.98718069563578,80.9405035390281,18.3777626918191,0.681733769152783,0.821905572665367
6.82474164671557,543.572760606596,4.2962962962963,70.2043680740485,29.1402047547148,0.655427171236656,0.840783447710363
8.01873404612156,511.1312762302,4.78539713862852,77.3872244863472,21.9327860372124,0.679989476440376,0.907838610283831
8.02603102976757,557.003541521055,4.55788514129444,72.8617851814015,26.4899594415686,0.648255377029865,0.927280481953404
8.65239283404944,656.711137359561,4.64028075648275,69.7218863931486,29.6943601925891,0.583753414262248,0.943363506181274
8.37792692183177,631.234374107335,4.65880533539532,72.5281592562983,26.9363461816113,0.535494562090433,0.970377482203072
8.60833245405673,633.43558676916,4.48434799308623,78.4412028187382,20.9231794294676,0.635617751794213,0.966731180605073
8.83539341903161,633.1883617284502,4.15101427498122,78.39269505829814,20.963745742116647,0.6347110853069984,0.9669197982558583
3.20332857022779,185.30413829817,0.323168223749927,98.959733522436,7.386189594504243,1.04026647756396,0.852266198757588
3.21964772756239,200.81874028192,3.35589396503102,98.6811909137989,7.4408829732875095,1.31880908620112,0.818569269851369
2.95273274333308,194.445214862627,3.48564733450498,98.6762867303418,7.487221807401752,1.32371326965822,0.781603678796002
2.09967405378857,212.80641176383,3.34029227557411,91.5146958543878,7.32082597520676,1.16447817040547,0.724887951489586
2.11832362130066,229.764520478213,3.42890925214307,87.651830459526,11.1830742659758,1.16509527449815,0.72517031443737
2.10111648547428,271.163943697737,3.37995337995338,73.1824294394898,25.8069996765705,1.01057088388905,0.722127293510411
2.06944234188841,222.645662553691,3.49141693337213,88.3775320055475,10.1178023470378,1.50466564772008,0.676836430153076
3.5735509529138,276.863845214363,3.6398999722145,81.9911899079884,16.7266621761685,1.28214791579714,0.704141923547492
3.20543265694823,275.022594266841,3.88844194153929,83.0085655152327,15.7021207115423,1.28931377322493,0.712348885760062
3.29299735632146,250.933783858856,3.57142857142857,87.8034614332782,11.0705960489133,1.12594251780854,0.724621814777488
3.58830005722735,263.209844266081,3.66300366300366,88.3075838433898,10.6911537903766,1.00126236623366,0.723572367145596
3.86283429636318,272.296149929066,3.23263421204541,89.9392405131658,9.12906515571993,0.931694331114224,0.730865462428819
5.02030097727682,289.983764014629,3.29691393521181,87.4053206201529,11.6480882014106,0.946591178436465,0.756251495573104
5.64341943402666,332.626327898815,3.44492020241339,83.2971305643647,15.7480166509011,0.954852784734203,0.750710671850503
5.92855837644146,344.947192720962,3.69367627151421,85.6347409654438,13.3246786565218,1.04058037803438,0.744707109376323
6.15733955141017,358.144496261751,4.26386233269599,84.0284991817161,14.8273088152679,1.14419200301601,0.761958008013539
7.1400434967784,333.657815123362,4.00135066689178,90.5431077276191,8.24861341528824,1.20827885709263,0.770573339596458
6.32009824869227,309.069062385656,4.14802065404475,87.0189070789675,11.8054103194176,1.1756826016149,0.818938057612689
6.60263289403508,343.245004023978,4.1018387553041,84.8037042892361,14.1388225729542,1.05747313780976,0.862020852565161
6.47009255293395,347.772514385743,4.8828125,83.2815719434012,15.7947350704607,0.923692986138113,0.877461035521843
6.51592851592851,359.785836385836,3.84882108183079,88.0275342943067,11.0973629000565,0.875102805636708,0.897203564706622
6.45177744810906,359.54125734647545,3.23017081007949,87.9761952150208,11.19639095651896,0.8762940984226647,0.8971235754063568
4.86842189572427,173.927864314685,0.572664056565184,98.7931212331089,4.4028346490233785,1.20687876689115,0.697362507990962
5.05671523194754,206.807633731768,2.75681950087057,94.391851442909,4.40833600960937,1.19981254748166,0.734700609639762
5.07517329331031,201.088082452046,2.54169976171565,95.0954362646589,3.73427120103612,1.17029253430503,0.727941349396608
2.72708036164185,203.053465328448,2.47438140464884,96.1691921993876,2.71313586896219,1.11767193165018,0.699644236566121
3.01593659507128,216.700658607534,2.31633130556855,95.1971361353827,3.74624714710456,1.05661671751275,0.724406051783985
3.93896507022823,247.336864137492,2.19755826859045,80.6615236806476,18.546842818328,0.791633501093639,0.811310049669199
4.33206658776071,220.575784555313,2.18007412252017,90.4021486466969,8.57661463941012,1.02123671389299,0.811086560465778
5.00305233591549,276.092307067445,2.32067510548523,81.4329680433212,17.7611563018961,0.8058756548304,0.855257541191553
5.20848035437046,282.204731996482,2.40583711299546,83.3733079900021,15.7945699388177,0.832122071180136,0.848964443401659
4.91116833654325,260.606724988013,2.16334060036894,87.6020174372271,11.6323423655918,0.765640197181086,0.899382654632459
5.15369677257588,273.521580283609,2.13199561059727,88.1174912254201,11.1684804695314,0.71402830504845,0.895030689046924
5.39802129079341,283.791781481679,2.29813664596273,88.9075621270672,10.3425682734198,0.74986959951302,0.897184438475528
6.026914136157,302.90865888253,2.30675221509319,84.9626264187153,14.2762469365411,0.761126644743614,0.943275296365828
6.47167686304216,333.845485842473,2.48831247172372,81.3304765127469,17.9417494486433,0.727774038609812,0.91447856590357
6.4773774078828,324.96336415303,2.67643540669856,83.6051142107731,15.5884671669595,0.806418622267429,0.933318151516671
6.38718616472703,321.201140137263,2.95625942684766,83.1838465678958,16.0115136766024,0.804639755501733,0.950389946385349
7.2089630108781,299.714697000674,2.94868159909271,86.0277474683853,13.1606597224843,0.81159280913041,1.01507326539032
6.78228564689232,288.846750796085,3.12695434646654,83.6845435337162,15.5412228562973,0.774233609986495,1.05627231174958
7.78600711690923,337.40556930149,4.15910216207295,78.4738457035267,20.8470402203624,0.679114076110866,1.06158768735728
7.42280333699376,347.951051415272,4.59412780656304,76.5361115379928,22.8444684675773,0.619419994429931,1.09346012039327
7.32405822643236,341.545700519112,4.29184549356223,81.7563126748329,17.4858532156804,0.757834109486623,1.03353613637579
8.01378343522503,341.77200308315935,3.73678454247175,81.69886890333802,17.500579867059763,0.7569020678050031,1.0336938711404786
3.75150990826287,203.782116156835,0.434760370313539,99.0423819097893,5.5394381905047085,0.957618090210748,0.780570696197519
2.92618463281103,212.800766542828,3.21255136346657,98.8274561070204,5.554071419100727,1.17254389297963,0.784633892731054
2.55706309485926,197.199351983105,3.27929255711128,98.8148032960762,5.564051482761588,1.18519670392381,0.761965424063993
1.71442234689752,199.959820152043,3.15674891146589,93.3814437819053,5.51277199271686,1.10578422537781,0.679273223849892
1.63000772931552,208.748900017771,3.11173974540311,90.0185441983737,8.9742432572146,1.00721254441171,0.663681720299657
1.55847461479024,241.004257279215,3.06834030683403,75.7252088774814,23.4143651538164,0.86042596876718,0.685808189546589
1.40667474770659,184.188611471729,2.93914246196404,92.486922113183,6.1784844378844,1.33459344893265,0.635262380955004
2.15670957443195,237.488016454218,3.0732044198895,86.7375290684157,12.2331323893815,1.02933854208963,0.686019160037636
2.5551090542425,250.490939832361,3.36247478143914,83.4274357907542,15.5028078675202,1.06975634172561,0.658667981212299
3.05430656884409,223.951150235584,3.04878048780488,90.1385804659539,8.89902551071022,0.962394023335852,0.649481815179467
3.19000562210786,233.601593342436,2.82529808190772,92.2984687982561,6.80324733650503,0.898283865238907,0.658004444439166
3.45070962792482,246.74373191059,2.38202247191011,92.4109685452107,6.69034337827009,0.898688076519212,0.669555270723649
4.70707869036688,257.617964915496,2.42854072641307,92.5106419347436,6.5003923800462,0.988965685210175,0.72153044990763
5.36750662828619,287.714789359822,2.53902185223725,90.6213017325986,8.32204337228791,1.05665489511349,0.741169677558213
5.710038380453,302.120492999622,2.67232237539767,91.1671596354721,7.74370465028439,1.08913571424354,0.750635882279577
5.53385406904122,316.377982746444,2.73684210526316,92.322589451772,6.52794603602527,1.14946451220275,0.79606094228801
6.4708402813219,319.807839787344,3.05255910029837,93.6690653621404,5.25910960253339,1.07182503532618,0.866153084567063
6.29102292234676,322.062688074321,3.18795660836839,93.9016866815903,5.05083923969335,1.04747407871632,0.911204480362677
7.03979915536267,361.189693089154,4.47397563676633,92.2254473703069,6.77449928633047,1.0000533433626,0.948870435714294
6.6678595664372,353.670361279824,4.01785714285714,90.6195152358669,8.51180026747846,0.86868449665461,0.98780028662343
6.67348408558771,361.937820151085,3.8452735179675,91.2547085044965,7.90760860904431,0.837682886459156,0.992723057858142
6.73973062195459,361.846360107667,3.74344301382928,91.25953054708708,7.9032223139514794,0.8392104580867826,0.9925165188059328
4.33280326305954,187.954769021404,0.513478818998716,98.8715833631656,5.867041440124968,1.12841663683438,0.838853999533003
4.26008950046158,211.813481369249,3.26268464996789,93.0599242079259,5.83071279338158,1.1093629986925,0.854493987296909
3.71425870599074,196.87708030441,3.16879181921475,91.7147710735172,7.21282074864343,1.07240817783933,0.819815443738787
2.52521079426491,181.873826408027,2.76094276094276,92.8112196509582,6.17884310340425,1.00993724563757,0.79085924872531
2.61213297242062,181.029298792972,2.76292335115865,90.3497905370224,8.65882893393941,0.991380529038202,0.807851188983162
3.24217406591951,188.88036106572,2.74154322352421,82.6237115898954,16.5115339064397,0.864754503700098,0.811419224944257
3.29864792870333,169.203971408787,2.92877745728866,91.7359375352376,7.1726896037306,1.09137286096924,0.763940448746797
3.08260550821394,211.216762919049,3.17684050742708,87.0466315177195,12.0069713631898,0.946397119064239,0.776539314747741
3.47575384376583,219.104123776612,3.4302447186781,86.0323659498379,12.946671232658,1.02096281750409,0.778916143929487
3.61627667301929,206.998215460789,3.16070068545316,89.5940625924538,9.45777246895628,0.94816493858989,0.796612612751137
3.87119490758847,206.339361337118,3.11655557557197,90.2988071358664,8.7634233553301,0.93776950880355,0.752704932046841
4.14286871577287,223.477530034655,2.53370525337053,91.0829387370743,8.01577223075009,0.901289032175603,0.756846039477381
4.55965923671542,229.494305495234,2.74816394219379,90.0524810559622,9.02965406233612,0.917864881701684,0.77600491786779
4.7532527765243,248.079945297261,3.13738174173203,86.9239284849979,12.0885322560526,0.987539258949532,0.76909825942881
4.94610102920286,253.607869753967,3.42245989304813,87.4860896524868,11.3741342370127,1.13977611050047,0.761448208984018
5.02733218465419,255.287230593323,3.64658634538153,87.3086046158324,11.4288520184175,1.26254336575009,0.778674052694666
5.06239924927099,250.275972159943,4.08325952170062,91.0326978767064,7.65087333551009,1.31642878778355,0.80705645918285
5.87800082541211,302.867680922638,4.33768656716418,88.7678615249968,9.95403376073415,1.27810471426903,0.824197695412115
6.2456207523691,343.239508266215,5.0623691159064,86.1447911421972,12.6711810581687,1.18402779963413,0.827047623393106
5.94325351792327,341.838995666453,5.92799783452134,85.0251496026163,13.9834902628967,0.991360134487015,0.85096269909819
5.95081380360976,350.56907351853,6.09338881183541,88.1085866970951,10.778926245762,1.11248705714288,0.848837786415139
5.97456030116641,350.3937911623386,5.35747446610956,88.06597880936263,10.812097023573296,1.1120282384923132,0.8486535712692783
2.1479299628935,204.926783957152,0.380296993842811,97.505098335783,6.283906943358202,2.49490166421704,0.862095168458868
1.97038309768918,226.319874193689,3.00698304118569,92.6156969999942,6.31153505411128,1.07276794589451,0.850498321787454
1.60735767420056,199.110102071713,3.04641471475787,94.0757868086471,4.73829019943094,1.18592299192201,0.825006463987899
1.71656550887752,174.806704560696,2.98315729374822,95.5123647036448,3.33377999861678,1.15385529773843,0.745578771387746
1.75832688458759,172.3956603609,2.91016448755799,94.0939565538092,4.73482430784528,1.17121913834553,0.74643737184016
2.01372726388613,173.406371214311,2.87819799777531,85.7080447962773,13.0490421375472,1.24291306598446,0.761093658736799
1.91669353715314,150.055769810301,3.12150055991041,95.347099773736,2.73364992687157,1.9192502993924,0.680549670471509
2.56626383565891,183.162417088714,2.92636450251803,91.4004607623174,7.01496123994459,1.58457799756034,0.700776425210664
3.02125897916021,191.251175713526,2.926699481176,88.351978436936,9.85182412716484,1.79619743589918,0.685619964378329
3.22379054941456,181.068158180359,2.69336193540698,91.1002733190713,7.17749662042445,1.72223006050425,0.659160852742131
3.4244041499616,191.047561581672,2.70086246028143,91.3900499321294,7.12250807975277,1.48744198811786,0.632934894228794
3.67513106475771,206.593044005043,2.16542750929368,91.9778142295471,6.64254467403172,1.37964109642119,0.625451403510779
4.31962228206115,217.76165599641,2.173324916584,91.3676267305485,7.27058102636245,1.36179224308901,0.657824383333612
5.38106424057406,234.74408034558,2.13162803090861,91.0225120106025,7.53982423853125,1.43766375086624,0.659934200995593
5.57576030118757,247.743650577353,2.13100436681223,91.8746470024971,6.57433320810015,1.5510197894028,0.675514780910045
5.6319430213524,256.39325268451,2.66429840142096,89.8047762221019,8.42680738804758,1.76841638985052,0.708669233946727
5.26304180176986,255.87793039184,3.07040215031531,92.5907462277275,5.56900480253055,1.84024896974196,0.752052075158118
5.14924657938193,257.739056233782,2.91322314049587,91.2886676632309,6.97314889863683,1.73818343813227,0.803911206567662
5.37459541026458,288.814840499685,3.05731163851176,89.1891636662623,9.23314511422522,1.5776912195125,0.826731792357703
5.26700109021624,291.925929825396,2.94953025999563,89.5812686339213,9.0459007656381,1.37283060044062,0.845243373170597
5.38152191454574,301.873336256686,3.03238356791395,91.3946307601338,7.32581830552773,1.27955093433846,0.816497748061994
5.50104511232421,301.80846984074554,3.20243995425086,91.38420825221537,7.36693984816401,1.2807927646043615,0.8165024078279116
5.03152364625183,197.878057653001,0.526849037487335,99.0718772090907,9.097663990597189,0.928122790909313,0.876927813429031
5.95634215808889,266.905800376252,2.64729299363057,90.0744295714807,9.08873980048685,0.836830628032487,0.856781533436474
5.56695613891828,249.818044322628,2.52990782506374,91.0270485367214,8.10219678316759,0.870754680110994,0.778365471381173
1.95271880665139,233.154962930244,2.55959359124658,93.3488488050609,5.69667340480186,0.954477790137238,0.70253516125046
2.30817324687521,238.446866772541,2.4985585239285,90.7545435133996,8.35594902369918,0.889507462901233,0.689608331213523
3.65379365333865,264.853541320899,2.78670953912111,77.623480634064,21.5840840394035,0.792435326467704,0.693434525960728
3.46944846317689,215.621041752546,3.14692749308952,91.2729374699524,7.42872656349189,1.29833596639623,0.643811286255659
3.69652267168682,266.444927074091,2.89468281667009,85.9188156485361,13.0027649477657,1.07841940379193,0.680806999357052
3.51505328599584,262.558078510184,3.11581422692534,86.5845662116794,12.2220194756018,1.19341431271877,0.671529922515459
3.43602825145959,227.898621962016,2.74697150656884,90.3466903880389,8.53171485629162,1.12159475566949,0.677944256150233
3.9116512250314,232.533319550841,2.64214046822743,91.0896098953782,7.879634423927,1.03075568069477,0.671943650679622
4.35328631788975,244.113644572489,2.3402727925341,90.6928277798674,8.3317350045625,0.97543721557013,0.66411478500816
5.01332762584179,230.274054556704,2.44765138653084,97.6681453462515,1.2212112695179,1.11064338423062,0.691352022591254
6.271093349992,280.188000821653,2.52702512986101,85.5842744625565,13.3968046745823,1.01892086286117,0.713845421562057
7.09886124086112,288.466015089982,2.71096899763659,86.8268651571732,12.0569441184049,1.11619072442186,0.730268721866048
7.44363634006228,294.958212237468,2.91545189504373,87.8427690277101,10.8702482685836,1.28698270370624,0.755860043172781
6.48774149627031,283.809579452606,3.29098423388948,91.1892160502601,7.49424216592658,1.31654178381333,0.816843223285929
6.07390933682695,277.078709644759,3.04374426430101,88.8168332001239,9.8218553102134,1.3613114896627,0.862979857922658
6.9685287497819,335.176825234454,3.20025348542459,87.2394392758145,11.4873175988228,1.27324312536274,0.891493987729477
6.86362918367061,315.437197203122,3.69794903666874,88.4351469888081,10.3744318321919,1.19042117899998,0.924959576647216
6.77343774716246,315.511669324778,4.31384807752423,90.6135417814381,8.23482946903112,1.15162874953079,0.93085750454416
6.53219505551613,315.5638514963776,33.8658146964856,90.53478238606085,8.30260074357631,1.152442948818654,0.9307238170039134
3.35480333752597,171.01848908301,0.409375270274166,98.8543618438511,7.083947936607425,1.14563815614893,0.822212400586981
3.37768965169453,188.39611243801,3.5109561752988,98.8165262596762,7.106945848324782,1.18347374032376,0.816916452345249
3.045583611311,178.520154414971,3.70934959349593,98.851072279587,7.130635005825976,1.14892772041303,0.777526244376205
1.89377301753556,173.646899102182,3.37189269013044,98.8752726250007,7.143649242280112,1.12472737499934,0.696563037784125
2.44025213736757,187.328260814994,3.36943441636582,91.9204692682741,7.03697878573942,1.04255194598647,0.67101737290852
2.30152173913043,205.578047891304,3.21543408360129,80.9635379734557,17.9720698847756,1.06439214154358,0.672564544792234
2.1260926006058,170.877331839031,3.29887838135034,91.6034128566138,6.81397047441954,1.58261666928732,0.648512081081327
3.08253871263407,209.383580330008,3.40956340956341,86.1665103816789,12.5592220813849,1.27426753702933,0.679947238957613
2.88789846090151,209.307231094229,3.4210005932371,83.9026102063803,14.7910205397245,1.30636925389523,0.692272011449673
2.54754046353858,190.841482981826,3.37323177366703,87.6628497019528,11.1555908623016,1.18155943574563,0.69236940768665
2.6169268803294,196.107605635583,3.59471365638766,89.298494480406,9.63096137676704,1.07054414282699,0.676019033918477
2.88519109105624,203.833738679853,3.44425956738769,90.1375517167985,8.84414069171712,1.0183075914844,0.674992558416431
3.51380980067551,214.421880571003,3.54574343535708,88.0373298825869,10.9488868531079,1.01378326430518,0.686917463213422
3.82039989329536,246.683823486162,3.86807114487999,84.7755655597588,14.225548184362,0.998886255879268,0.668732710115238
4.03377095828168,251.666599580304,4.22237860661506,87.5633120943385,11.3202994398537,1.11638846580775,0.655582462431572
4.74976226264609,263.113545247967,4.42075834352612,88.0901464609822,10.6653028902076,1.24455064881022,0.681585215271789
4.96873368257317,257.410438431243,4.88742449203734,91.1387299314789,7.52272519788029,1.33854487064085,0.744173847730158
4.93073073838578,265.051021178242,4.62543991955757,89.3343419062027,9.34062492288593,1.32503317091134,0.8181198317974
5.08943075031551,299.602287998824,5.90180195073566,84.749193750035,14.0421303053325,1.20867594463258,0.871627677216753
4.96709947875849,304.925851712108,5.14851485148515,84.5346981986825,14.3909615878877,1.07434021342989,0.887964891637913
4.97530326440711,308.92719188665,5.17036785895915,88.1197370775113,10.8070108229729,1.07325209951575,0.888933718647485
5.19505967460395,308.81030918991587,4.64718947548266,88.0602356933612,10.85364088086588,1.0737453999383837,0.8887039052875981
3.38376496317248,326.633746058746,0.705876421206545,99.1793758751386,29.654458863998844,0.820624124861389,0.663412706064661
2.64171353845843,316.481093921982,3.61029317628985,99.2457516947255,29.615181393591754,0.754248305274533,0.679003928027656
2.44796873724464,290.412687878155,3.5030697002528,99.2042018609023,29.589107017262837,0.795798139097659,0.647711514732588
3.0118650448393,271.741270665914,3.30642485900697,99.1792247074324,29.567873477829412,0.820775292567579,0.597401451381887
3.55813340243096,260.919606464088,3.19572506286672,99.1109011504609,29.559192387268357,0.889098849539143,0.584202000734536
5.78495965822084,357.583787993334,3.04543185222167,69.7398153158902,29.6973512370563,0.562833447028201,0.608556892323565
5.75418291472254,272.583147020481,3.21460462347455,87.3306444740228,11.7878542812219,0.881501244913466,0.590115852152039
5.78303433212031,360.615323254115,3.36492890995261,78.3902679444254,20.93578186213,0.673950193316749,0.631941114999951
5.77827251654204,356.191307424457,3.35270451497541,79.3861564132834,19.8622870368088,0.751556549907831,0.626582175619462
5.48038837608071,329.356075555325,3.32741075755128,85.7059197681227,13.5984733692973,0.695606862580013,0.639933765340594
5.55821904846015,352.580206182388,3.53527607361963,85.5705319894584,13.7879199855634,0.641548024978258,0.638224235974369
6.14088836346842,368.412007791652,2.41992882562278,85.2981228282147,14.0756642020879,0.626212969697388,0.632193119951339
6.55867842208765,392.40355199134,2.19429382253079,79.9747008755666,19.3514738305253,0.673825293908119,0.664066264471405
7.90671388380162,468.136166910787,2.217659137577,75.1182031705308,24.2461080876874,0.635688741781823,0.596434899824301
7.57783293556322,470.315680272231,2.35492439722109,76.4601629165044,22.7545966148769,0.785240468618729,0.616854214999566
7.63947653888185,467.882028728983,2.63854930725346,76.377557943236,22.8421857564419,0.780256300322136,0.647860188201863
8.18511773039205,445.225471348696,2.45223409056717,81.5553423818927,17.642919768654,0.801737849453324,0.697758051864156
8.2486502641796,481.522566832483,2.96909813038845,77.2389024814812,21.9679416271828,0.793155891335984,0.72268610410628
8.94447988614037,568.491112480627,4.04737927396538,73.5816808305227,25.7514577964416,0.666861373035645,0.731138256370632
8.89131355949239,553.577278066925,4.51466199251504,74.8608098042884,24.5359794237296,0.603210771981971,0.758041090264598
9.15886634458552,551.966293005036,4.05013064937579,79.7092204666776,19.463745270304,0.82703426301842,0.762267910742372
9.15346582818125,552.0695545120628,3.96984924623116,79.65607180327875,19.46666188724634,0.8257956574173833,0.7618937946240395
1.31141665580607,199.974341848039,0.311223497374052,99.016311309976,5.7762476586533,0.983688690024012,0.697048711101803
1.9903513156169,217.234705488265,2.94442399705558,93.2930620077247,5.76885107605047,0.938086916224873,0.707389909873321
1.93476044852192,201.783311489733,2.82404055032585,94.2146839813343,4.8267739379322,0.958542080733463,0.745016842217826
2.22854689320984,189.050849536895,2.78561354019746,95.608962212728,3.4410349320722,0.950002855199838,0.728386082631443
2.28227755560204,189.804929470996,2.78659611992945,94.5619902343217,4.55888049319403,0.879129272484247,0.723117942844872
2.52449354814336,195.325697900313,2.74210343630684,87.0982901842036,12.0421236533642,0.859586162210506,0.746595438059382
2.58253809998576,182.316684460903,2.90300546448087,95.1925580451987,3.76463197585907,1.04280997861637,0.722267922917532
4.34093381242299,237.421835984823,2.91970802919708,92.2775770682237,6.91566681402062,0.806756117711908,0.763618009957578
4.01814030522944,235.245693506168,2.96810862014525,92.3914366405392,6.76041836015824,0.848144999302615,0.759724701562619
3.79980325692547,218.311183384851,2.86885245901639,94.4756461727914,4.69329923397597,0.831054593232679,0.786993909655329
4.39620716373484,228.899893364838,3.07262569832402,94.9219316875873,4.27953841714389,0.798529895268779,0.773832958071981
4.91660870774795,240.316247044095,2.90322580645161,94.005730960878,5.1970224008738,0.797246638248217,0.765252319504709
5.59226792250823,251.65467249499,2.88916562889166,92.2110839429272,6.99457627943722,0.79433977763557,0.791729355904415
6.05845819109784,266.913321454587,2.91070547607301,91.2213684095121,7.91854749867735,0.86008409181054,0.79491952544449
6.20631260358867,275.504213424873,3.31340308918784,91.3852074679382,7.68511471218073,0.929677819881041,0.810138237995431
6.87459982746018,295.572215689895,3.55456127268208,93.3810852716576,5.5867612572948,1.03215347104756,0.832488877992691
6.71563359998349,292.291221082805,3.80041365046536,94.9393497241488,4.00325440504567,1.0573958708055,0.895888120019685
6.91924618851691,309.362465944096,3.86043058648849,94.5869801006823,4.40099154121462,1.01202835810309,0.963704113093562
7.21226861954561,331.785433654576,4.77582846003899,95.0343933909624,3.96713927000611,0.998467339031489,1.01532414746052
6.90839864354167,325.866318525195,4.75262003412137,95.1729336290002,3.85835127916285,0.968715091836919,1.08057850119199
6.97580691155056,336.23320874951,4.80040424456796,96.0080337107367,3.0764530088307,0.915513280432638,1.11134406866741
7.13392935917419,336.0983396895774,4.09416581371546,95.9863317071308,3.092323204391203,0.9154954731711366,1.1111039790838944
5.79842086968037,278.484763213216,0.6438396254024,99.3717345950155,18.415604256635337,0.628265404984516,0.874890658293148
5.44720138488171,342.674552798615,2.58503401360544,81.0168307078327,18.4123228734287,0.570846418738581,0.832376436535367
5.1120290399299,310.062586055827,2.54691689008043,83.9339709094139,15.480261112838,0.585767977748083,0.793690095157575
1.39061224946063,289.919179046916,2.40963855421687,88.5553666238679,10.8681989412114,0.576434434920745,0.763945531208958
1.30692881227145,308.421902455241,2.25165562913907,82.644231065342,16.8100713841378,0.545697550520137,0.719951291418317
1.83441239945066,379.053186106206,2.2020725388601,66.8777019497962,32.6339997518354,0.488298298368426,0.655654030966364
1.77903743030884,280.455635836227,2.47395833333333,88.587450794423,10.6992986847174,0.713250520859566,0.588495274069915
3.97349792348009,378.592188416223,2.39596469104666,81.6991387229909,17.772817653005,0.528043624004142,0.611155895356014
3.78396706224267,401.145555824655,2.460024600246,81.2280161562008,18.1929929422277,0.578990901571547,0.595101131055415
4.17178692332696,356.008736809558,2.46768507638073,85.727917834424,13.6735891431696,0.598493022406465,0.709193391556075
4.57671753853912,367.862470846145,2.66370699223085,85.6715147661089,13.7547289437058,0.573756290185312,0.76122472943617
4.81938432397043,382.116410187957,2.83400809716599,88.0242598855207,11.3718213378535,0.60391877662574,0.777955480890382
6.01676226604813,403.880630270344,2.75862068965517,83.5958392302562,15.801914316208,0.602246453535784,0.838769547658015
6.55781093022502,498.997917769448,3.38645418326693,77.3294670286629,22.052211901768,0.618321069569189,0.870816404291062
6.95499851968815,510.803562617191,4.05138339920949,81.1819421374437,18.1746522030401,0.643405659516159,0.842928366466853
6.92296315551233,499.591936430822,4.0719696969697,83.2297576665804,16.0309116736916,0.739330659728031,0.83785178450098
7.86622654980805,427.207499922393,4.81927710843374,89.2830360879877,9.82997527476786,0.886988637244416,0.917761566291763
7.38811775630871,409.776546309708,4.89236790606654,88.5271492432687,10.5411002194923,0.931750537238994,0.977748498886295
7.19237074754311,415.740936557256,4.70046082949309,88.2339488730853,10.8704149186906,0.895636208224114,0.967929056625729
6.52952804546578,401.70326785273,7.12401055408971,84.370704957001,14.8680812684128,0.761213774586148,0.935475734388835
6.43424950866798,400.163972896072,7.05128205128205,85.808155555018,13.4555149212102,0.736329523771825,0.900071257095275
6.003019387647,400.48864616676053,5.38687561214496,85.76054331873952,13.472641753152086,0.7364347712585174,0.9002181862474378
3.96946177649267,259.598741946939,0.390196317522253,99.0977963720354,8.097652700359877,0.9022036279646,0.797670362703117
3.7398474142255,313.62360415695,3.13986679352997,91.0409506039478,8.14621007000463,0.812839326047614,0.847373335382969
3.47035253137058,284.370601713452,3.27715355805243,93.8784678148131,5.25310934553565,0.868422839651273,0.764863292326351
3.02818116978072,282.361121514807,3.34106728538283,95.7954386859318,3.36141141678018,0.843149897287964,0.750796310935441
3.05192220118743,304.608242137491,3.09512972234866,94.3184264936379,4.80489600502463,0.876677501337488,0.795318120805369
2.9724609521869,329.344567993771,2.96038310840226,87.3477976995032,11.7338820742789,0.91832022621791,0.780065922585991
3.4744876295813,264.004486335063,3.30988829127017,94.7076516518644,3.98116512232035,1.3111832260724,0.787957294495186
5.97196635227205,338.225432135632,3.65755627009646,90.2890539997875,8.60299150978399,1.10795449047872,0.798980948720863
6.26528279318359,344.571753739159,3.64114114114114,89.1385758190156,9.68570791426074,1.17571626672369,0.809228256006326
7.03859711508015,316.278491355329,3.17319098457888,92.610554446859,6.40469356025065,0.984751992890306,0.818108150167991
8.02525943065489,328.973496003366,3.2559456398641,93.2955654735263,5.82250065006756,0.881933876406171,0.802834652155334
8.44099049593535,337.757107110943,3.23383084577114,92.5957808943254,6.56389279997343,0.84032630570118,0.782878646614509
8.59078989805505,355.157755247991,3.16043425814234,90.3978759732803,8.79813198096209,0.803992045757622,0.819976868136454
8.97216883084658,373.757763275683,3.17613089509143,88.0661086653112,11.05793417642,0.87595715826877,0.797643056694511
9.25893670954574,366.262452376161,3.22111891499152,88.7762646297651,10.297855614407,0.925879755827898,0.793659781424741
9.33722116086041,348.271250102318,3.41880341880342,89.8393587654239,9.05976652143546,1.10087471314065,0.743809715089088
9.21270193913626,1790.68819767433,3.68098159509202,98.4899568682906,1.28893813546707,0.221104996242334,8.73608588391574
8.84508321482417,354.92449515521,3.76602564102564,91.4129725649675,7.49312566585974,1.09390176917276,0.93976729343113
8.8502123163055,382.044083880239,5.55555555555556,88.7371327639966,10.2285470691051,1.03432016689824,0.977939203300486
8.81838388183839,377.03280275328,7.81904495950852,88.2723826948737,10.8091003164129,0.918516988713366,1.02220896383291
8.55161522880978,377.449792303203,6.43105446118192,90.6061765017529,8.50148730278629,0.892336195460827,1.00977844219565
8.59456375349137,377.94538407821926,5.95732068761115,90.57008661358687,8.477684863194721,0.8937307987862543,1.010727377859893
4.11230903034182,238.841505439866,0.369715115224097,99.0793391510167,8.933203196081426,0.920660848983279,0.841887963062009
4.29863362515915,281.178641275508,3.18370575439984,90.0832315806531,8.9584815721506,0.958286847196261,0.822561081735991
4.11168045795759,260.337198238769,3.23935212957408,91.93873035274,7.10031881169639,0.96095083556361,0.771144261294899
3.5511996436072,246.681769127339,3.35478837526819,93.0337605364447,5.92659235074422,1.03964711281104,0.686430845771144
3.4671982828981,259.955937905557,3.15021129466001,88.8316818455098,10.0985993898773,1.06971876461288,0.670077983318235
3.4183697752563,297.627739169752,3.04041527623285,75.1763373201526,23.7496861365169,1.0739765434335,0.668334635768781
3.64480292796814,265.450436322486,3.04955527318933,90.2332793363363,8.28908323101408,1.47763743251715,0.606533320488043
3.70729714909181,335.587298760254,3.17150956768249,86.5597768755904,12.2209568955377,1.21926622892331,0.635924462885301
3.80961136959806,338.939558278267,3.57518401682439,85.8217368754742,12.863600178477,1.31466294604881,0.638791570299681
4.12880207431701,305.215088639766,3.46905537459283,89.5738322067545,9.21279718776002,1.21337060548549,0.643793280243949
5.46044033376898,312.02280419557,3.33905445467312,90.9401817030208,7.95960937904844,1.10020891793078,0.629275220796213
6.02217680593524,323.351714363288,2.71803356180572,92.3526741263139,6.57015014488077,1.07717572880534,0.629624434511378
6.40611059598425,344.108140195804,2.98009150488438,90.3149048285298,8.60499056131773,1.08010461015243,0.644297479596112
7.32779646692022,378.916366364868,3.04211187932118,86.7800156634252,12.1071043392511,1.11287999732376,0.643803357811973
8.28749999240918,381.504068373203,3.28888888888889,87.8936805378195,10.7437041078944,1.36261535428612,0.650940868935524
8.66211720752337,377.374877704892,3.82101558572147,87.5814720116348,11.0288228088814,1.38970517948385,0.67247518829175
7.18420438697649,357.684387163323,4.06097873430694,91.2594505596315,7.39478370070733,1.34576573966119,0.71572722520003
6.69701830837685,355.15440895387,4.1069844086703,87.9543041495876,10.7478436276223,1.29785222279013,0.751834026593521
6.94616488157311,402.664224354695,3.7943838477605,83.2244518391401,15.6135050867746,1.1620430740853,0.773402069062617
6.7198630289615,402.319185601699,4.34882386689616,83.1635696122955,15.8186696551753,1.01776073252925,0.804730576463069
6.76671988271324,415.389957321436,4.74245518493306,86.4963903861221,12.5288668784854,0.974742735392508,0.826062803507178
6.64760887966488,415.1550155054844,4.01765504753282,86.45630411084771,12.533688504548842,0.9759498308489368,0.8259388096831033
3.16360629177074,281.394720853305,0.245027385413664,89.6228678358084,9.63042487344961,0.746707290742029,0.900178026449644
2.9151534697197,275.856387677552,2.48101265822785,92.623232053677,6.61939435527938,0.757373591043676,0.900698863043705
2.9723447371558,283.658362140899,2.41975308641975,91.9478401923004,7.34406058135577,0.708099226343813,0.868488471391973
3.59109880448294,280.441219568886,2.32668566001899,92.1064485324589,7.16383488585791,0.729716581683213,0.830290010741139
3.64636283961437,312.283085013146,2.37529691211401,84.538961312322,14.7706383396714,0.69040034800668,0.816797346200241
4.00196943725154,357.512170684562,2.3084025854109,71.2431531287049,28.1546999899642,0.602146881330926,0.819287779717092
3.68377901818304,274.395340609171,2.51184834123223,85.2523189389749,13.9295423119038,0.818138749121266,0.754
4.96948383205373,340.590814071174,2.60631001371742,79.4125650011434,19.872839246367,0.714595752704126,0.789885835095137
5.03046395605542,355.441140681767,2.63040570664289,80.4470236832565,18.8033111688064,0.749665147937061,0.781247462031999
5.21358017762687,327.79383497257,2.65560165975104,83.7173118861783,15.5774552334154,0.705232880406286,0.783886083020761
5.33945302238697,325.111351098917,2.67161410018553,84.920600719657,14.4050799738568,0.67431930648625,0.790149917248858
5.41452941815634,325.014893609049,2.49410178631614,90.1292920256724,9.1727938774773,0.697914096850279,0.763817886208209
5.30573394817183,344.909614207906,2.62553331145389,86.8110086553254,12.5223595124883,0.666631832186246,0.812549240954363
5.78059063694947,382.400829892902,2.73170731707317,86.2960422521691,13.0620639375203,0.641893810310647,0.773962078341127
5.85391700412593,415.674045341958,2.76972624798712,85.3728315085488,13.9708629596544,0.656305531796847,0.753672471902569
5.81855026612106,434.640121765062,2.88184438040346,80.129721269014,19.2114776459938,0.658801084992187,0.800381688423441
6.70180900891166,411.960868405323,2.98217179902755,83.8723289983504,15.3966815953236,0.730989406326039,0.927455857520366
6.32117900883398,436.367740173436,2.74057925879788,76.1932295005507,23.1381085517258,0.668661947723563,1.04817938263473
6.40454467939973,501.591389477274,4.32448553534149,67.7995859600394,31.6278127222395,0.57260131772115,1.14032764405832
5.9117550953723,495.88040681289,4.3956043956044,67.9675968482716,31.5217216720041,0.510681479724298,1.19143590790564
5.9187883717009,494.776043164754,4.33852734494348,73.2547315760781,26.2398640227219,0.505404401199924,1.22614958091004
5.86660163627931,494.7580113324179,4.18275418275418,73.24807838785658,26.24075802982526,0.5060604520408049,1.2258728761775344
3.77992402522936,250.645068807339,0.303289192652713,99.0091507006005,3.937024142974676,0.990849299399485,0.774835964732417
3.36538837724274,271.402023458345,2.80300039478879,98.9368741071544,3.9429003436139527,1.06312589284556,0.788026572880031
3.05070556894913,270.080242447054,2.92801952013013,95.1898390485882,3.91848268123403,0.891678270177795,0.770930653589804
3.79107889970601,277.369280340005,2.87449392712551,95.8237176792041,3.3350877684727,0.841194552323173,0.775265555912429
3.594710885712,293.380370976759,2.77777777777778,93.0227572601453,6.16660413970989,0.81063860014479,0.783447094801223
3.57011037034069,343.695039472213,2.42996962537968,78.8095727802988,20.5040029610911,0.686424258441608,0.79093052865273
3.82616670063175,286.397012765016,2.47116968698517,92.0943027254875,6.89115293882097,1.01454433587824,0.783273191161833
5.70104137120629,367.700513894404,2.69230769230769,87.7152976069694,11.4909051219833,0.793797270907367,0.789560633257911
5.19200795107542,376.680952025005,2.72614622057001,88.8753205833726,10.2585944272605,0.866084989366867,0.794280080066118
5.13014555071786,335.891115828865,2.5706940874036,92.9872586303865,6.20560941642786,0.807131953185677,0.800225024806522
5.24934841461297,334.549399726659,2.47007894066718,93.4480072205871,5.76539412419793,0.786598655214935,0.784486653363955
5.92044474362485,335.682980246414,2.28918476991357,93.9335266653281,5.25120027652745,0.81527305814447,0.774335624652533
6.71874792716739,346.245490491697,2.35938989513823,92.1714115457447,6.98119041855815,0.847398035697141,0.815358664772727
7.20932332880785,372.697309013692,2.43549553894381,91.5076907816662,7.63609403700028,0.856215181333538,0.842830424335914
7.38821321006571,377.801888234172,2.36276849642005,92.0208595060079,7.03165313339155,0.947487360600584,0.84133570044335
7.2950976836094,377.114666647126,2.45862884160756,90.70679259129,8.30016331598485,0.993044092725136,0.857325781794478
7.34070349060909,354.83834345947,2.45901639344262,93.3449930787008,5.60220977234182,1.05279714895742,0.926639935668641
6.05449163033532,305.877302330588,2.85714285714286,90.8697230059387,8.08559807129268,1.04467892276865,0.956939697811484
6.11865312231108,322.182090294798,3.32216638749302,89.4940293147904,9.5490712822971,0.956899402912493,0.983150005202953
5.591450926076,321.039459531142,3.32309410779112,86.6279396649117,12.5803395770651,0.791720758023287,1.06730310314811
5.50731845466288,317.405730429437,3.51815367295243,89.5118826745231,9.69921424156025,0.788903083916625,1.07837224790251
5.33824543404472,317.5835008989062,3.50724637681159,89.50023853847495,9.700263397878171,0.7889155349710999,1.0782395185557867
1.56682842491994,344.448319220417,0.50718060968448,99.1189006435348,2.8965413915049187,0.881099356465222,0.764115891417782
1.57706397910129,335.889122470746,2.96699969724493,96.2303854061324,2.90800483670372,0.861609757163878,0.768345253775394
1.31503536361861,306.798443119052,2.95536791314837,96.340926423358,2.81156114929952,0.847512427342514,0.709178182718729
2.64007008265182,296.998362198898,2.96229802513465,97.0261023299272,2.08177417064759,0.89212349942519,0.617336281348106
2.53484948294995,276.061400522576,2.9868578255675,95.4152286540202,3.65430042519798,0.930470920781852,0.598885210794187
3.2108807692941,276.540125800662,2.92397660818713,90.9950823144075,8.00920798675452,0.99570969896973,0.602434526091115
2.85511950105132,245.591205715161,2.93263646922184,93.7860310814457,5.00167969179626,1.21228922642058,0.561291165587205
4.11527821978506,301.587245269162,3.00794551645857,90.5879795154146,8.35843074354819,1.05358974120829,0.589361550621644
3.80057055478946,298.778384508094,3.53618421052632,88.6464901872167,10.2498878392635,1.10362197351982,0.616147795425093
3.45348177393445,274.665888765455,3.58140716281433,91.1466865617095,7.85316853192392,1.00014490636663,0.629179647476739
3.81356166734008,269.894518212663,3.40466926070039,93.626352836949,5.43713626024713,0.936510902803893,0.61195909212481
4.20611509603178,279.827499920537,2.88937264991094,94.1546465159176,4.91559817376413,0.929755310318224,0.642571780708653
5.3642352659195,298.392136999899,2.90416263310745,89.9164901500207,9.1803243283795,0.903185521599821,0.677798429904216
6.00587286772841,345.696162327307,3.14576006252442,87.9316012982571,11.1495538721008,0.918844829642081,0.676047840437236
6.09054108875497,345.802514383036,3.51974970668752,89.3379774424019,9.59658650232014,1.06543605527794,0.678413918026984
5.9368522764479,329.903908020573,3.96561828482125,90.0792068326361,8.71837135371111,1.20242181365279,0.705692592011117
6.46648378448273,317.161122368477,4.54176804541768,92.4672343867829,6.2820826266936,1.25068298652347,0.75114983644273
6.62318745621418,336.059507226138,4.30879712746858,90.9937656032967,7.8139233321489,1.19231106455439,0.770985469270814
6.95481528050337,391.21674319548,5.6781045751634,86.5334925609078,12.3896515614605,1.07685587763168,0.792453864233218
6.66487701754975,389.20190597631,5.58823529411765,85.3588698503941,13.7341246008357,0.907005548770257,0.812435022966561
6.43737012818596,383.694294336445,4.7921967769296,88.1271741078792,10.9964469922061,0.876378899914734,0.788621137853934
6.54914299075655,383.79667874130746,4.33829973707274,88.12601695090875,11.00348892446619,0.8775445167838714,0.7886743270918041
5.09716470213444,291.234943130451,0.454219459717906,99.0101966302931,7.198555319896154,0.989803369706932,0.806038806259909
4.416250544709,305.414943243108,2.71238485158649,91.8550554465311,7.18758259673613,0.95736195673276,0.806670807167667
3.86499179740478,281.716800217946,2.89256198347107,93.6833054432009,5.38328610230493,0.933408454494236,0.762779916059795
2.31284708218286,264.888985408329,3.03654143077715,95.1453278416522,3.91301801713873,0.941654141209081,0.662772014450581
2.21856195370492,257.726094786314,2.98200514138817,93.2674920964952,5.76346578272392,0.969042120780892,0.637883200100561
2.27945529899349,272.102058947602,2.97435897435897,84.4943330826154,14.5488696350851,0.956797282299548,0.650250335329818
2.28904705666883,254.546213046526,3.27272727272727,93.2153702887845,5.57572092104016,1.20890879017532,0.583361253521631
2.60571030476213,326.618989065876,3.47150259067357,87.1535519462031,11.8126452363715,1.03380281705162,0.633545254805502
2.43984711520961,319.667050900928,3.39680905815749,88.9973794246881,9.89168491149865,1.11093566381329,0.640394254099118
2.88922927991363,306.423430942341,3.411941796287,92.2875609659384,6.79633297559282,0.916106058468797,0.677962495892891
3.26413224310644,330.958904109589,3.26549929010885,92.6547499871657,6.49620531512569,0.849044697708643,0.710446222934759
3.73611401385767,361.223737677508,2.80592361652377,92.2767179264308,6.92762064771212,0.795661425857075,0.730883366582054
5.33639908612484,408.682691660743,2.72006044578768,89.5953959965499,9.65860083247139,0.746003170978744,0.793508802849696
6.52576019981385,487.928375982281,2.7501909854851,90.6328695970485,8.59178062001827,0.775349782933203,0.842289027270775
7.04158258533936,507.162687473005,2.8735632183908,91.57797653131,7.57952537393623,0.842498094753789,0.909266907441684
7.42087695545517,526.274346841111,2.90076335877863,90.3842989500132,8.68247564795716,0.933225402029672,0.996063501492359
9.39235296329039,488.033451086396,3.40494527766518,94.5497393621542,4.45884784604153,0.991412791804308,1.03711655029376
9.89103380246149,493.789614947868,3.04347826086957,93.9519944919937,5.01595119728056,1.0320543107257,1.04600611276751
9.95397429214679,511.696740492641,3.66132723112128,93.5279603694642,5.42084903255786,1.0511905979779,1.05557844714369
8.89947575488368,489.649136508742,5.4726368159204,92.7500133084165,6.27303926152344,0.976947430060034,1.05707601025533
8.25864162262534,481.847146836166,4.89320388349515,93.1663769933222,5.92412096136349,0.909502045314286,1.01981935519114
8.05728350107048,482.16752480074524,4.95514737291756,93.14127216986101,5.93832187229326,0.90961761000629,1.0198422835120375
4.63193691184662,281.958898888922,0.646987464617873,99.3158589712931,10.518328285266959,0.68414102870689,1.01994121254414
4.3208610968734,286.763198359815,3.51288056206089,99.3198981187721,10.514000687561683,0.680101881227937,1.04155338379014
3.79961381677752,296.53936923407,3.29411764705882,88.9514314447572,10.5153490525767,0.533219502666098,1.02366922342562
3.74733122285209,283.409408819848,3.28638497652582,89.5851463158032,9.90440441090517,0.510449273291684,0.869604109347682
3.53346426010786,297.030767792013,3.47222222222222,85.7196081209431,13.8228148334724,0.457577045584539,0.807584207497898
3.30649174972244,499.881895202971,3.30396475770925,50.7346649400706,48.9910389800401,0.27429607988931,0.798156006550791
2.99130195755041,381.032808603797,3.19148936170213,62.4402839004719,37.1962687805438,0.363447318984352,0.744037766807237
4.22003754843841,460.211435164205,3.16205533596838,64.2929579194512,35.341131390087,0.365910690461846,0.786280596748258
4.0379730900528,464.111431173774,3.42205323193916,66.370482648584,33.2194654966095,0.410051854806542,0.787641386186269
3.74512104595196,370.51435549915,3.3003300330033,81.9780198474121,17.5713579417116,0.45062221087633,0.78982012903863
4.42187648531322,387.841291971651,3.24149108589951,86.0586906465612,13.5001286776971,0.441180675741735,0.791200569094861
4.49156374193855,419.406487232574,3.42679127725857,86.5350876197523,13.0221040996648,0.442808280582936,0.854999343183952
7.60684577045308,434.717277668756,3.48101265822785,86.9036336017529,12.6360615723869,0.460304825860163,0.920938128467263
9.13799880019031,488.725322190273,3.50877192982456,87.634740383671,11.888694298528,0.47656531780099,0.98013374241578
9.55533354842973,506.483990219593,3.64500792393027,86.7535736899668,12.718920889537,0.527505420496191,1.02344714993072
10.4616298960314,528.095152828945,3.77952755905512,87.9859467882495,11.4356207075662,0.578432504184221,1.08725341036862
9.05686454490565,470.736729686622,3.6682615629984,91.9788340331072,7.37123999736056,0.649925969532218,1.14972387274753
8.86596200205668,458.915018796676,3.43283582089552,92.1937023875209,7.08336302703878,0.722934585440362,1.14188106255473
8.77169053068611,478.755588971097,4.36746987951807,89.8820166200982,9.39530998866653,0.722673391235222,1.04858831150114
8.21729516524234,514.195900316739,4.32190760059613,78.994809415112,20.3833896634604,0.621800921427608,1.01772140625348
7.92775823384394,473.02179995014,4.25531914893617,86.120916624894,13.2560656244583,0.623017750647672,0.929547491186384
7.37543102313706,473.5089157694443,3.9453717754173,86.12348829042053,13.254562917763657,0.6229628692277036,0.9295930862529758
4.30636540330418,343.291423712342,0.674955595026643,99.2330080768584,8.053005191674345,0.76699192314157,0.903834077292554
3.53197413328543,357.584875157176,3.73376623376623,91.2265939944994,8.10089542491868,0.672510580581963,0.90814048175681
3.16479261300171,323.801102092486,3.80794701986755,93.231301708129,5.97413946749611,0.794558824374903,0.905522914218566
5.27965682230655,317.949183303085,4.02010050251256,95.2477569807326,3.93546746649093,0.816775552776466,0.847147026265472
5.05515223141426,318.439416962125,4.25894378194208,94.2925057658151,4.85742310037378,0.850071133811093,0.871561242118371
5.37674313990103,327.477264282501,4.29553264604811,85.3293811401509,13.8471838241304,0.823435035718677,0.928853662891344
4.7552993554389,266.071712738388,4.55341506129597,94.0429829830448,4.96458241369827,0.992434603256928,0.884949661174969
5.58186963814647,327.462112376322,4.4750430292599,90.1965493839259,8.91714065343034,0.88630996264377,0.932455690817145
5.79232385405261,331.131891220075,4.5531197301855,89.4830535284372,9.57413533942094,0.942811132141906,0.935526895687876
6.38280666536645,300.776801556457,4.43349753694581,93.0836190644888,6.04115793868695,0.875222996824272,0.97610797743755
7.15332145953726,312.805760926669,4.15430267062314,93.9318840639077,5.21212667384884,0.855989262243486,0.961495911221615
7.78968133299026,321.956601405035,4.15512465373961,94.796921430111,4.32276063828499,0.880317931604019,1.01697583346215
8.36306820246357,341.954870825915,4.23497267759563,93.9026282177976,5.20564364452435,0.891728137678064,1.08972673357233
8.80495368796299,374.134457735329,4.65116279069767,91.5489223274136,7.50270685021259,0.948370822373833,1.06787532967306
8.96644879899261,389.688157824143,5.37482319660537,90.3541735168397,8.5614069755953,1.08441950756502,1.04309576001304
9.13850782329914,389.438546155723,5.58659217877095,91.9328439176619,6.83521555790031,1.23194052443785,1.10128476518692
7.7154146357262,370.661884172969,5.88235294117647,95.2741761318335,3.3945720341729,1.33125183399363,1.16413447257258
8.05686571623698,409.713003670821,5.85714285714286,90.4283172103678,8.2844066386205,1.28727615101175,1.14970388922082
8.1894121998189,425.616813967428,5.64399421128799,90.600736402797,8.13476986214022,1.26449373506279,1.11849797652545
7.32812949163036,404.26353846494,5.94059405940594,87.216558791949,11.6293011545229,1.15414005352803,1.13063963525771
6.94729367208458,380.495305349534,5.47752808988764,90.4869932435059,8.39411309416115,1.1188936623329,1.05714053367936
7.25117591721543,380.75393224010685,4.85175202156334,90.48028750605545,8.417458438527579,1.1192763914909838,1.057661337842677
3.2891608479115,262.454013064044,0.812544547398432,98.7670302163419,10.637859596523965,1.23296978365814,0.806635182689918
3.46860338749437,291.969676889231,2.4928483857785,88.258524176724,10.6124842716479,1.12899155162803,0.793610615028117
3.20810831609396,255.973274063076,2.75154004106776,93.2020910113393,5.5930662743073,1.20484271435342,0.754999150851978
3.08502835814591,237.721134018639,2.37024928483858,93.7002379371671,5.12865244858829,1.17110961424457,0.676045594417718
3.25916342118571,242.052566940097,2.44798041615667,88.8620876310688,9.97920264599865,1.15870972293258,0.609806090098061
4.23540230929052,303.29215170472,2.42130750605327,69.3047806424099,29.7067949455419,0.988424412233289,0.596568651757822
3.99836489203267,237.532768113482,2.4174053182917,83.9582811870298,14.5068263127845,1.53489250018565,0.537965629251638
4.6497001437907,327.496853345179,2.56615878107458,77.3117880746395,21.5695435305615,1.11866839447947,0.574664541758517
4.141632045786,331.108769335739,2.62745098039216,78.3714564700838,20.5681089805898,1.06043454932643,0.585642412207804
4.36865076663565,294.756318030877,2.5411596277738,87.490312335438,11.4646003754964,1.04508728906554,0.632339379917857
4.80193356436976,313.991027685732,2.80470914127424,88.3031061699058,10.6973181702453,0.999575659848935,0.675007827887887
5.02700879400591,329.434800914806,2.61712439418417,89.4091978879903,9.59779300649129,0.993009105518428,0.728345384536559
5.79007188255516,347.787449344689,2.74794693619709,85.1254793124008,13.8903625302424,0.984158157356785,0.804208850902084
6.04624227865477,407.317527453672,2.80580075662043,82.8641914533187,16.1684050302241,0.967403516457288,0.76595515465595
5.94526254702219,427.437744178575,2.80811232449298,83.6340621716385,15.2994220594931,1.06651576886841,0.787354767441378
5.7299420325015,435.122900653926,2.90931600123801,82.8525720223274,16.041258798857,1.10616917881558,0.803453308846346
5.29023500132797,387.267974306259,3.21100917431193,87.1075646342653,11.6705434208106,1.22189194492406,0.838957587067344
7.46710146494365,374.037424129098,2.97992471769134,86.4760860965019,12.2379876000525,1.28592630344557,0.875117780432545
7.87420692614212,395.835139205571,3.46749226006192,87.650394108504,11.1008800221621,1.24872586933384,0.917516989772089
7.14294652018319,388.545321454491,4.0407156076496,84.0059494202664,14.8894434825202,1.10460709721331,0.956734840841494
6.85913659089244,382.807291461167,3.56354462314727,86.4527993010085,12.5440348294243,1.00316586956723,0.903338355789591
6.53250304560831,383.1898028687736,3.35035098915124,86.39534573938266,12.570396387981587,1.00364434131904,0.9034040658559387
